-- MariaDB dump 10.19  Distrib 10.4.28-MariaDB, for osx10.10 (x86_64)
--
-- Host: localhost    Database: e_learning
-- ------------------------------------------------------
-- Server version	10.4.28-MariaDB

/*!40101 SET @OLD_CHARACTER_SET_CLIENT=@@CHARACTER_SET_CLIENT */;
/*!40101 SET @OLD_CHARACTER_SET_RESULTS=@@CHARACTER_SET_RESULTS */;
/*!40101 SET @OLD_COLLATION_CONNECTION=@@COLLATION_CONNECTION */;
/*!40101 SET NAMES utf8mb4 */;
/*!40103 SET @OLD_TIME_ZONE=@@TIME_ZONE */;
/*!40103 SET TIME_ZONE='+00:00' */;
/*!40014 SET @OLD_UNIQUE_CHECKS=@@UNIQUE_CHECKS, UNIQUE_CHECKS=0 */;
/*!40014 SET @OLD_FOREIGN_KEY_CHECKS=@@FOREIGN_KEY_CHECKS, FOREIGN_KEY_CHECKS=0 */;
/*!40101 SET @OLD_SQL_MODE=@@SQL_MODE, SQL_MODE='NO_AUTO_VALUE_ON_ZERO' */;
/*!40111 SET @OLD_SQL_NOTES=@@SQL_NOTES, SQL_NOTES=0 */;

--
-- Table structure for table `qb_bloom_levels`
--

DROP TABLE IF EXISTS `qb_bloom_levels`;
/*!40101 SET @saved_cs_client     = @@character_set_client */;
/*!40101 SET character_set_client = utf8 */;
CREATE TABLE `qb_bloom_levels` (
  `bloom_id` int(11) NOT NULL AUTO_INCREMENT,
  `bloom_name` varchar(50) DEFAULT NULL,
  `description` text DEFAULT NULL,
  PRIMARY KEY (`bloom_id`),
  UNIQUE KEY `bloom_name` (`bloom_name`)
) ENGINE=InnoDB AUTO_INCREMENT=7 DEFAULT CHARSET=utf8mb4 COLLATE=utf8mb4_general_ci;
/*!40101 SET character_set_client = @saved_cs_client */;

--
-- Dumping data for table `qb_bloom_levels`
--

LOCK TABLES `qb_bloom_levels` WRITE;
/*!40000 ALTER TABLE `qb_bloom_levels` DISABLE KEYS */;
INSERT INTO `qb_bloom_levels` VALUES (1,'Remembering','Kukariri au kutambua taarifa'),(2,'Understanding','Kufafanua au kuelezea maana'),(3,'Applying','Kutumia maarifa katika hali halisi'),(4,'Analyzing','Kuvunja taarifa na kuona uhusiano wake'),(5,'Evaluating','Kutoa maamuzi au hukumu kwa sababu maalum'),(6,'Creating','Kutengeneza wazo, suluhisho, au kazi mpya');
/*!40000 ALTER TABLE `qb_bloom_levels` ENABLE KEYS */;
UNLOCK TABLES;

--
-- Table structure for table `qb_chapters`
--

DROP TABLE IF EXISTS `qb_chapters`;
/*!40101 SET @saved_cs_client     = @@character_set_client */;
/*!40101 SET character_set_client = utf8 */;
CREATE TABLE `qb_chapters` (
  `chapter_id` int(11) NOT NULL AUTO_INCREMENT,
  `subject_id` int(11) NOT NULL,
  `level_id` int(11) NOT NULL,
  `chapter_number` varchar(20) DEFAULT NULL,
  `chapter_name` varchar(255) NOT NULL,
  `created_at` timestamp NOT NULL DEFAULT current_timestamp(),
  PRIMARY KEY (`chapter_id`),
  KEY `subject_id` (`subject_id`),
  KEY `level_id` (`level_id`),
  CONSTRAINT `qb_chapters_ibfk_1` FOREIGN KEY (`subject_id`) REFERENCES `qb_subjects` (`subject_id`),
  CONSTRAINT `qb_chapters_ibfk_2` FOREIGN KEY (`level_id`) REFERENCES `qb_levels` (`level_id`)
) ENGINE=InnoDB AUTO_INCREMENT=23 DEFAULT CHARSET=utf8mb4 COLLATE=utf8mb4_general_ci;
/*!40101 SET character_set_client = @saved_cs_client */;

--
-- Dumping data for table `qb_chapters`
--

LOCK TABLES `qb_chapters` WRITE;
/*!40000 ALTER TABLE `qb_chapters` DISABLE KEYS */;
INSERT INTO `qb_chapters` VALUES (1,4,1,'1','Concept of Mathematics','2026-05-19 08:36:02'),(2,4,1,'2','Numbers','2026-05-19 08:36:26'),(3,4,1,'3','Approximations','2026-05-19 08:36:46'),(4,4,1,'4','Ratios and Proportions','2026-05-19 08:37:12'),(5,4,1,'5','Algebra','2026-05-19 08:37:36'),(6,4,1,'6','Coordinate Geometry','2026-05-19 08:38:05'),(7,4,1,'1','Numbers & Place Value','2026-05-19 16:42:24'),(8,4,7,'1','Numbers & Place Value','2026-05-19 16:48:57'),(9,4,7,'4','Decimals','2026-05-19 16:54:28'),(10,4,7,'2','Operations & BODMAS','2026-05-19 16:54:28'),(11,4,7,'3','Fractions','2026-05-19 16:54:28'),(12,4,7,'5','Percentages','2026-05-19 16:54:28'),(13,4,7,'8','Algebra & Patterns','2026-05-19 16:54:28'),(14,4,7,'9','Geometry (2D Shapes)','2026-05-19 16:54:28'),(15,4,7,'11','Measurement & Conversions','2026-05-19 16:54:28'),(16,4,7,'10','Geometry (3D Shapes & Volume)','2026-05-19 16:54:28'),(17,4,7,'13','Money & Financial Literacy','2026-05-19 16:54:28'),(18,4,7,'6','Ratio & Proportion','2026-05-19 16:54:28'),(19,4,7,'7','Averages & Statistics','2026-05-19 16:54:28'),(20,4,7,'12','Time','2026-05-19 16:54:28'),(21,4,7,'14','Data Handling & Graphs','2026-05-19 16:54:28'),(22,4,7,'15','Word Problems (Mixed Applications)','2026-05-19 16:54:28');
/*!40000 ALTER TABLE `qb_chapters` ENABLE KEYS */;
UNLOCK TABLES;

--
-- Table structure for table `qb_curriculum_refs`
--

DROP TABLE IF EXISTS `qb_curriculum_refs`;
/*!40101 SET @saved_cs_client     = @@character_set_client */;
/*!40101 SET character_set_client = utf8 */;
CREATE TABLE `qb_curriculum_refs` (
  `ref_id` bigint(20) NOT NULL AUTO_INCREMENT,
  `question_id` bigint(20) NOT NULL,
  `competency_code` varchar(100) DEFAULT NULL,
  `learning_outcome` text DEFAULT NULL,
  PRIMARY KEY (`ref_id`),
  KEY `question_id` (`question_id`),
  CONSTRAINT `qb_curriculum_refs_ibfk_1` FOREIGN KEY (`question_id`) REFERENCES `qb_questions` (`question_id`) ON DELETE CASCADE
) ENGINE=InnoDB DEFAULT CHARSET=utf8mb4 COLLATE=utf8mb4_general_ci;
/*!40101 SET character_set_client = @saved_cs_client */;

--
-- Dumping data for table `qb_curriculum_refs`
--

LOCK TABLES `qb_curriculum_refs` WRITE;
/*!40000 ALTER TABLE `qb_curriculum_refs` DISABLE KEYS */;
/*!40000 ALTER TABLE `qb_curriculum_refs` ENABLE KEYS */;
UNLOCK TABLES;

--
-- Table structure for table `qb_difficulty_levels`
--

DROP TABLE IF EXISTS `qb_difficulty_levels`;
/*!40101 SET @saved_cs_client     = @@character_set_client */;
/*!40101 SET character_set_client = utf8 */;
CREATE TABLE `qb_difficulty_levels` (
  `difficulty_id` int(11) NOT NULL AUTO_INCREMENT,
  `difficulty_name` varchar(50) DEFAULT NULL,
  PRIMARY KEY (`difficulty_id`),
  UNIQUE KEY `difficulty_name` (`difficulty_name`)
) ENGINE=InnoDB AUTO_INCREMENT=4 DEFAULT CHARSET=utf8mb4 COLLATE=utf8mb4_general_ci;
/*!40101 SET character_set_client = @saved_cs_client */;

--
-- Dumping data for table `qb_difficulty_levels`
--

LOCK TABLES `qb_difficulty_levels` WRITE;
/*!40000 ALTER TABLE `qb_difficulty_levels` DISABLE KEYS */;
INSERT INTO `qb_difficulty_levels` VALUES (1,'Easy'),(3,'Hard'),(2,'Medium / Moderate');
/*!40000 ALTER TABLE `qb_difficulty_levels` ENABLE KEYS */;
UNLOCK TABLES;

--
-- Table structure for table `qb_exam_answers`
--

DROP TABLE IF EXISTS `qb_exam_answers`;
/*!40101 SET @saved_cs_client     = @@character_set_client */;
/*!40101 SET character_set_client = utf8 */;
CREATE TABLE `qb_exam_answers` (
  `answer_id` bigint(20) NOT NULL AUTO_INCREMENT,
  `session_id` bigint(20) NOT NULL,
  `question_id` bigint(20) NOT NULL,
  `answer_given` text DEFAULT NULL,
  `is_correct` tinyint(1) DEFAULT 0,
  `marks_awarded` decimal(5,2) DEFAULT 0.00,
  PRIMARY KEY (`answer_id`),
  KEY `idx_session_id` (`session_id`)
) ENGINE=InnoDB AUTO_INCREMENT=21 DEFAULT CHARSET=utf8mb4 COLLATE=utf8mb4_general_ci;
/*!40101 SET character_set_client = @saved_cs_client */;

--
-- Dumping data for table `qb_exam_answers`
--

LOCK TABLES `qb_exam_answers` WRITE;
/*!40000 ALTER TABLE `qb_exam_answers` DISABLE KEYS */;
INSERT INTO `qb_exam_answers` VALUES (1,1,276,'b',0,0.00),(2,1,274,'na',0,0.00),(3,1,272,'na',0,0.00),(4,1,275,'nb',0,0.00),(5,1,273,'78',0,0.00),(6,1,270,'A',0,0.00),(7,1,269,'B',1,1.00),(8,1,268,'C',0,0.00),(9,1,267,'C',1,1.00),(10,1,266,'D',0,0.00),(11,1,265,'D',0,0.00),(12,1,264,'E',0,0.00),(13,1,263,'C',0,0.00),(14,1,262,'C',0,0.00),(15,1,261,'B',0,0.00),(16,1,260,'C',0,0.00),(17,1,259,'C',0,0.00),(18,1,258,'D',0,0.00),(19,1,257,'C',1,3.00),(20,1,271,'C',1,3.00);
/*!40000 ALTER TABLE `qb_exam_answers` ENABLE KEYS */;
UNLOCK TABLES;

--
-- Table structure for table `qb_exam_questions`
--

DROP TABLE IF EXISTS `qb_exam_questions`;
/*!40101 SET @saved_cs_client     = @@character_set_client */;
/*!40101 SET character_set_client = utf8 */;
CREATE TABLE `qb_exam_questions` (
  `eq_id` bigint(20) NOT NULL AUTO_INCREMENT,
  `exam_id` bigint(20) NOT NULL,
  `question_id` bigint(20) NOT NULL,
  `sort_order` int(11) DEFAULT 0,
  `marks_override` decimal(5,2) DEFAULT NULL,
  PRIMARY KEY (`eq_id`),
  UNIQUE KEY `uq_exam_question` (`exam_id`,`question_id`),
  KEY `idx_exam_id` (`exam_id`)
) ENGINE=InnoDB AUTO_INCREMENT=21 DEFAULT CHARSET=utf8mb4 COLLATE=utf8mb4_general_ci;
/*!40101 SET character_set_client = @saved_cs_client */;

--
-- Dumping data for table `qb_exam_questions`
--

LOCK TABLES `qb_exam_questions` WRITE;
/*!40000 ALTER TABLE `qb_exam_questions` DISABLE KEYS */;
INSERT INTO `qb_exam_questions` VALUES (1,2,276,1,NULL),(2,2,274,2,NULL),(3,2,272,3,NULL),(4,2,275,4,NULL),(5,2,273,5,2.00),(6,2,270,6,2.00),(7,2,269,7,NULL),(8,2,268,8,NULL),(9,2,267,9,NULL),(10,2,266,10,NULL),(11,2,265,11,2.00),(12,2,264,12,2.00),(13,2,263,13,2.00),(14,2,262,14,2.00),(15,2,261,15,2.00),(16,2,260,16,2.00),(17,2,259,17,2.00),(18,2,258,18,4.00),(19,2,257,19,3.00),(20,2,271,20,3.00);
/*!40000 ALTER TABLE `qb_exam_questions` ENABLE KEYS */;
UNLOCK TABLES;

--
-- Table structure for table `qb_exam_sessions`
--

DROP TABLE IF EXISTS `qb_exam_sessions`;
/*!40101 SET @saved_cs_client     = @@character_set_client */;
/*!40101 SET character_set_client = utf8 */;
CREATE TABLE `qb_exam_sessions` (
  `session_id` bigint(20) NOT NULL AUTO_INCREMENT,
  `exam_id` bigint(20) NOT NULL,
  `student_id` varchar(50) DEFAULT NULL,
  `started_at` timestamp NOT NULL DEFAULT current_timestamp(),
  `submitted_at` timestamp NULL DEFAULT NULL,
  `score` decimal(8,2) DEFAULT 0.00,
  `total_marks` decimal(8,2) DEFAULT 0.00,
  `status` enum('in_progress','submitted','graded') DEFAULT 'in_progress',
  `time_taken_seconds` int(11) DEFAULT 0,
  `question_order` text DEFAULT NULL,
  `option_orders` text DEFAULT NULL,
  `flagged` text DEFAULT NULL,
  PRIMARY KEY (`session_id`),
  KEY `idx_exam_id` (`exam_id`)
) ENGINE=InnoDB AUTO_INCREMENT=2 DEFAULT CHARSET=utf8mb4 COLLATE=utf8mb4_general_ci;
/*!40101 SET character_set_client = @saved_cs_client */;

--
-- Dumping data for table `qb_exam_sessions`
--

LOCK TABLES `qb_exam_sessions` WRITE;
/*!40000 ALTER TABLE `qb_exam_sessions` DISABLE KEYS */;
INSERT INTO `qb_exam_sessions` VALUES (1,2,'USR1774352917','2026-05-19 19:13:50','2026-05-19 19:22:10',8.00,40.00,'submitted',0,'[276,274,272,275,273,270,269,268,267,266,265,264,263,262,261,260,259,258,257,271]',NULL,NULL);
/*!40000 ALTER TABLE `qb_exam_sessions` ENABLE KEYS */;
UNLOCK TABLES;

--
-- Table structure for table `qb_exams`
--

DROP TABLE IF EXISTS `qb_exams`;
/*!40101 SET @saved_cs_client     = @@character_set_client */;
/*!40101 SET character_set_client = utf8 */;
CREATE TABLE `qb_exams` (
  `exam_id` bigint(20) NOT NULL AUTO_INCREMENT,
  `exam_title` varchar(255) NOT NULL,
  `exam_code` varchar(60) DEFAULT NULL,
  `subject_id` int(11) DEFAULT NULL,
  `level_id` int(11) DEFAULT NULL,
  `description` text DEFAULT NULL,
  `instructions` text DEFAULT NULL,
  `duration_minutes` int(11) DEFAULT 60,
  `total_marks` decimal(8,2) DEFAULT 0.00,
  `passing_marks` decimal(8,2) DEFAULT 0.00,
  `exam_type` enum('manual','random') DEFAULT 'manual',
  `status` enum('draft','published','archived') DEFAULT 'draft',
  `shuffle_questions` tinyint(1) DEFAULT 0,
  `shuffle_options` tinyint(1) DEFAULT 0,
  `show_answers_after` tinyint(1) DEFAULT 0,
  `created_by` bigint(20) DEFAULT NULL,
  `created_at` timestamp NOT NULL DEFAULT current_timestamp(),
  `updated_at` timestamp NOT NULL DEFAULT current_timestamp() ON UPDATE current_timestamp(),
  PRIMARY KEY (`exam_id`),
  UNIQUE KEY `exam_code` (`exam_code`)
) ENGINE=InnoDB AUTO_INCREMENT=3 DEFAULT CHARSET=utf8mb4 COLLATE=utf8mb4_general_ci;
/*!40101 SET character_set_client = @saved_cs_client */;

--
-- Dumping data for table `qb_exams`
--

LOCK TABLES `qb_exams` WRITE;
/*!40000 ALTER TABLE `qb_exams` DISABLE KEYS */;
INSERT INTO `qb_exams` VALUES (2,'TERMINAL EXAM','EXM-MATH-STD7-001',4,7,'Terminal Exams','This is an open book examination; there are 3 pages, including this one. You may consult\nwith any materials you wish.',60,40.00,40.00,'manual','published',0,0,1,1,'2026-05-19 18:38:09','2026-05-19 18:50:53');
/*!40000 ALTER TABLE `qb_exams` ENABLE KEYS */;
UNLOCK TABLES;

--
-- Table structure for table `qb_levels`
--

DROP TABLE IF EXISTS `qb_levels`;
/*!40101 SET @saved_cs_client     = @@character_set_client */;
/*!40101 SET character_set_client = utf8 */;
CREATE TABLE `qb_levels` (
  `level_id` int(11) NOT NULL AUTO_INCREMENT,
  `level_name` varchar(50) NOT NULL,
  `sort_order` int(11) DEFAULT 0,
  PRIMARY KEY (`level_id`)
) ENGINE=InnoDB AUTO_INCREMENT=8 DEFAULT CHARSET=utf8mb4 COLLATE=utf8mb4_general_ci;
/*!40101 SET character_set_client = @saved_cs_client */;

--
-- Dumping data for table `qb_levels`
--

LOCK TABLES `qb_levels` WRITE;
/*!40000 ALTER TABLE `qb_levels` DISABLE KEYS */;
INSERT INTO `qb_levels` VALUES (1,'Form 1',1),(2,'Form 2',2),(3,'Form 3',3),(4,'Form 4',4),(5,'Form 5',5),(6,'Form 6',6),(7,'Standard 7',0);
/*!40000 ALTER TABLE `qb_levels` ENABLE KEYS */;
UNLOCK TABLES;

--
-- Table structure for table `qb_question_media`
--

DROP TABLE IF EXISTS `qb_question_media`;
/*!40101 SET @saved_cs_client     = @@character_set_client */;
/*!40101 SET character_set_client = utf8 */;
CREATE TABLE `qb_question_media` (
  `media_id` bigint(20) NOT NULL AUTO_INCREMENT,
  `question_id` bigint(20) NOT NULL,
  `media_type` enum('image','audio','video','document') DEFAULT NULL,
  `media_path` text NOT NULL,
  `created_at` timestamp NOT NULL DEFAULT current_timestamp(),
  PRIMARY KEY (`media_id`),
  KEY `question_id` (`question_id`),
  CONSTRAINT `qb_question_media_ibfk_1` FOREIGN KEY (`question_id`) REFERENCES `qb_questions` (`question_id`) ON DELETE CASCADE
) ENGINE=InnoDB DEFAULT CHARSET=utf8mb4 COLLATE=utf8mb4_general_ci;
/*!40101 SET character_set_client = @saved_cs_client */;

--
-- Dumping data for table `qb_question_media`
--

LOCK TABLES `qb_question_media` WRITE;
/*!40000 ALTER TABLE `qb_question_media` DISABLE KEYS */;
/*!40000 ALTER TABLE `qb_question_media` ENABLE KEYS */;
UNLOCK TABLES;

--
-- Table structure for table `qb_question_options`
--

DROP TABLE IF EXISTS `qb_question_options`;
/*!40101 SET @saved_cs_client     = @@character_set_client */;
/*!40101 SET character_set_client = utf8 */;
CREATE TABLE `qb_question_options` (
  `option_id` bigint(20) NOT NULL AUTO_INCREMENT,
  `question_id` bigint(20) NOT NULL,
  `option_label` varchar(10) DEFAULT NULL,
  `option_text` text NOT NULL,
  `is_correct` tinyint(1) DEFAULT 0,
  `sort_order` int(11) DEFAULT 0,
  `created_at` timestamp NOT NULL DEFAULT current_timestamp(),
  PRIMARY KEY (`option_id`),
  KEY `question_id` (`question_id`),
  CONSTRAINT `qb_question_options_ibfk_1` FOREIGN KEY (`question_id`) REFERENCES `qb_questions` (`question_id`) ON DELETE CASCADE
) ENGINE=InnoDB AUTO_INCREMENT=1213 DEFAULT CHARSET=utf8mb4 COLLATE=utf8mb4_general_ci;
/*!40101 SET character_set_client = @saved_cs_client */;

--
-- Dumping data for table `qb_question_options`
--

LOCK TABLES `qb_question_options` WRITE;
/*!40000 ALTER TABLE `qb_question_options` DISABLE KEYS */;
INSERT INTO `qb_question_options` VALUES (13,7,'A','1,710',0,0,'2026-05-19 16:54:28'),(14,7,'B','1,730',0,1,'2026-05-19 16:54:28'),(15,7,'C','1,824',0,2,'2026-05-19 16:54:28'),(16,7,'D','1,829',0,3,'2026-05-19 16:54:28'),(17,7,'E','1,830',1,4,'2026-05-19 16:54:28'),(18,8,'A','18,237',0,0,'2026-05-19 16:54:28'),(19,8,'B','17,127',1,1,'2026-05-19 16:54:28'),(20,8,'C','18,027',0,2,'2026-05-19 16:54:28'),(21,8,'D','18,127',0,3,'2026-05-19 16:54:28'),(22,8,'E','18,137',0,4,'2026-05-19 16:54:28'),(23,9,'A','18.2',1,0,'2026-05-19 16:54:28'),(24,9,'B','1.82',0,1,'2026-05-19 16:54:28'),(25,9,'C','0.182',0,2,'2026-05-19 16:54:28'),(26,9,'D','0.0182',0,3,'2026-05-19 16:54:28'),(27,9,'E','182.0',0,4,'2026-05-19 16:54:28'),(28,10,'A','8,774',0,0,'2026-05-19 16:54:28'),(29,10,'B','8,764',0,1,'2026-05-19 16:54:28'),(30,10,'C','8,874',1,2,'2026-05-19 16:54:28'),(31,10,'D','8,864',0,3,'2026-05-19 16:54:28'),(32,10,'E','8,884',0,4,'2026-05-19 16:54:28'),(33,11,'A','4(3/49)',0,0,'2026-05-19 16:54:28'),(34,11,'B','4(2/49)',0,1,'2026-05-19 16:54:28'),(35,11,'C','4(1/4)',0,2,'2026-05-19 16:54:28'),(36,11,'D','4(1/7)',0,3,'2026-05-19 16:54:28'),(37,11,'E','4(2/7)',1,4,'2026-05-19 16:54:28'),(38,12,'A','1ô§',0,0,'2026-05-19 16:54:28'),(39,12,'B','1ã',0,1,'2026-05-19 16:54:28'),(40,12,'C','1ô¥',1,2,'2026-05-19 16:54:28'),(41,12,'D','3ã',0,3,'2026-05-19 16:54:28'),(42,12,'E','2.3',0,4,'2026-05-19 16:54:28'),(43,13,'A','+48',0,0,'2026-05-19 16:54:28'),(44,13,'B','+68',1,1,'2026-05-19 16:54:28'),(45,13,'C','ã48',0,2,'2026-05-19 16:54:28'),(46,13,'D','ã68',0,3,'2026-05-19 16:54:28'),(47,13,'E','+58',0,4,'2026-05-19 16:54:28'),(48,14,'A','87',1,0,'2026-05-19 16:54:28'),(49,14,'B','67',0,1,'2026-05-19 16:54:28'),(50,14,'C','77',0,2,'2026-05-19 16:54:28'),(51,14,'D','97',0,3,'2026-05-19 16:54:28'),(52,14,'E','187',0,4,'2026-05-19 16:54:28'),(53,15,'A','5(22)',0,0,'2026-05-19 16:54:28'),(54,15,'B','1(11/15)',0,1,'2026-05-19 16:54:28'),(55,15,'C','2/5',1,2,'2026-05-19 16:54:28'),(56,15,'D','5/3',0,3,'2026-05-19 16:54:28'),(57,15,'E','4(5/22)',0,4,'2026-05-19 16:54:28'),(58,16,'A','1,700',0,0,'2026-05-19 16:54:28'),(59,16,'B','107',0,1,'2026-05-19 16:54:28'),(60,16,'C','17',0,2,'2026-05-19 16:54:28'),(61,16,'D','170',1,3,'2026-05-19 16:54:28'),(62,16,'E','200',0,4,'2026-05-19 16:54:28'),(63,17,'A','118.6',0,0,'2026-05-19 16:54:28'),(64,17,'B','112.6',0,1,'2026-05-19 16:54:28'),(65,17,'C','115.6',0,2,'2026-05-19 16:54:28'),(66,17,'D','117.6',1,3,'2026-05-19 16:54:28'),(67,17,'E','127.6',0,4,'2026-05-19 16:54:28'),(68,18,'A','14.18',0,0,'2026-05-19 16:54:28'),(69,18,'B','4.18',1,1,'2026-05-19 16:54:28'),(70,18,'C','14.28',0,2,'2026-05-19 16:54:28'),(71,18,'D','4.28',0,3,'2026-05-19 16:54:28'),(72,18,'E','3.18',0,4,'2026-05-19 16:54:28'),(73,19,'A','600',1,0,'2026-05-19 16:54:28'),(74,19,'B','60',0,1,'2026-05-19 16:54:28'),(75,19,'C','6,000',0,2,'2026-05-19 16:54:28'),(76,19,'D','6',0,3,'2026-05-19 16:54:28'),(77,19,'E','4,400',0,4,'2026-05-19 16:54:28'),(78,20,'A','ã8',0,0,'2026-05-19 16:54:28'),(79,20,'B','ã7',0,1,'2026-05-19 16:54:28'),(80,20,'C','12',0,2,'2026-05-19 16:54:28'),(81,20,'D','8',0,3,'2026-05-19 16:54:28'),(82,20,'E','7',1,4,'2026-05-19 16:54:28'),(83,21,'A','4',1,0,'2026-05-19 16:54:28'),(84,21,'B','5',0,1,'2026-05-19 16:54:28'),(85,21,'C','9',0,2,'2026-05-19 16:54:28'),(86,21,'D','6',0,3,'2026-05-19 16:54:28'),(87,21,'E','11',0,4,'2026-05-19 16:54:28'),(88,22,'A','1',0,0,'2026-05-19 16:54:28'),(89,22,'B','2',0,1,'2026-05-19 16:54:28'),(90,22,'C','72',0,2,'2026-05-19 16:54:28'),(91,22,'D','24',1,3,'2026-05-19 16:54:28'),(92,22,'E','48',0,4,'2026-05-19 16:54:28'),(93,23,'A','99/3',0,0,'2026-05-19 16:54:28'),(94,23,'B','100/3',0,1,'2026-05-19 16:54:28'),(95,23,'C','101/3',1,2,'2026-05-19 16:54:28'),(96,23,'D','102/3',0,3,'2026-05-19 16:54:28'),(97,23,'E','104/3',0,4,'2026-05-19 16:54:28'),(98,24,'A','ã2',0,0,'2026-05-19 16:54:28'),(99,24,'B','4',1,1,'2026-05-19 16:54:28'),(100,24,'C','ã4',0,2,'2026-05-19 16:54:28'),(101,24,'D','ã16',0,3,'2026-05-19 16:54:28'),(102,24,'E','16',0,4,'2026-05-19 16:54:28'),(103,25,'A','7',0,0,'2026-05-19 16:54:28'),(104,25,'B','14',0,1,'2026-05-19 16:54:28'),(105,25,'C','28',0,2,'2026-05-19 16:54:28'),(106,25,'D','49',1,3,'2026-05-19 16:54:28'),(107,25,'E','2401',0,4,'2026-05-19 16:54:28'),(108,26,'A','1/200',0,0,'2026-05-19 16:54:28'),(109,26,'B','1/2',0,1,'2026-05-19 16:54:28'),(110,26,'C','10/5',0,2,'2026-05-19 16:54:28'),(111,26,'D','100/5',0,3,'2026-05-19 16:54:28'),(112,26,'E','1/20',1,4,'2026-05-19 16:54:28'),(113,27,'A','CCXLIX',0,0,'2026-05-19 16:54:28'),(114,27,'B','CCLXXV',0,1,'2026-05-19 16:54:28'),(115,27,'C','CCLXXI',0,2,'2026-05-19 16:54:28'),(116,27,'D','CCLXVI',0,3,'2026-05-19 16:54:28'),(117,27,'E','CCLXIX',1,4,'2026-05-19 16:54:28'),(118,28,'A','105',0,0,'2026-05-19 16:54:28'),(119,28,'B','165',0,1,'2026-05-19 16:54:28'),(120,28,'C','195',1,2,'2026-05-19 16:54:28'),(121,28,'D','185',0,3,'2026-05-19 16:54:28'),(122,28,'E','199',0,4,'2026-05-19 16:54:28'),(123,29,'A','4',1,0,'2026-05-19 16:54:28'),(124,29,'B','2',0,1,'2026-05-19 16:54:28'),(125,29,'C','6',0,2,'2026-05-19 16:54:28'),(126,29,'D','7',0,3,'2026-05-19 16:54:28'),(127,29,'E','8',0,4,'2026-05-19 16:54:28'),(128,30,'A','242 cm',0,0,'2026-05-19 16:54:28'),(129,30,'B','166 cm',0,1,'2026-05-19 16:54:28'),(130,30,'C','176 cm',1,2,'2026-05-19 16:54:28'),(131,30,'D','342 cm',0,3,'2026-05-19 16:54:28'),(132,30,'E','352 cm',0,4,'2026-05-19 16:54:28'),(133,31,'A','110 cmôý',0,0,'2026-05-19 16:54:28'),(134,31,'B','1,150 cmôý',0,1,'2026-05-19 16:54:28'),(135,31,'C','1,050 cmôý',1,2,'2026-05-19 16:54:28'),(136,31,'D','3,850 cmôý',0,3,'2026-05-19 16:54:28'),(137,31,'E','4,900 cmôý',0,4,'2026-05-19 16:54:28'),(138,32,'A','10',0,0,'2026-05-19 16:54:28'),(139,32,'B','30',1,1,'2026-05-19 16:54:28'),(140,32,'C','90',0,2,'2026-05-19 16:54:28'),(141,32,'D','20',0,3,'2026-05-19 16:54:28'),(142,32,'E','40',0,4,'2026-05-19 16:54:28'),(143,33,'A','20ô¯',0,0,'2026-05-19 16:54:28'),(144,33,'B','30ô¯',0,1,'2026-05-19 16:54:28'),(145,33,'C','50ô¯',0,2,'2026-05-19 16:54:28'),(146,33,'D','60ô¯',0,3,'2026-05-19 16:54:28'),(147,33,'E','70ô¯',1,4,'2026-05-19 16:54:28'),(148,34,'A','10 cmôý',0,0,'2026-05-19 16:54:28'),(149,34,'B','12 cmôý',1,1,'2026-05-19 16:54:28'),(150,34,'C','15 cmôý',0,2,'2026-05-19 16:54:28'),(151,34,'D','20 cmôý',0,3,'2026-05-19 16:54:28'),(152,34,'E','30 cmôý',0,4,'2026-05-19 16:54:28'),(153,35,'A','(3,5)',0,0,'2026-05-19 16:54:28'),(154,35,'B','(ã5,3)',0,1,'2026-05-19 16:54:28'),(155,35,'C','(0,5)',0,2,'2026-05-19 16:54:28'),(156,35,'D','(ã3,5)',1,3,'2026-05-19 16:54:28'),(157,35,'E','(ã3,0)',0,4,'2026-05-19 16:54:28'),(158,36,'A','4 cm',1,0,'2026-05-19 16:54:28'),(159,36,'B','6 cm',0,1,'2026-05-19 16:54:28'),(160,36,'C','8 cm',0,2,'2026-05-19 16:54:28'),(161,36,'D','9 cm',0,3,'2026-05-19 16:54:28'),(162,36,'E','3 cm',0,4,'2026-05-19 16:54:28'),(163,37,'A','40 cmôý',0,0,'2026-05-19 16:54:28'),(164,37,'B','96 cmôý',0,1,'2026-05-19 16:54:28'),(165,37,'C','70 cmôý',0,2,'2026-05-19 16:54:28'),(166,37,'D','83 cmôý',0,3,'2026-05-19 16:54:28'),(167,37,'E','166 cmôý',1,4,'2026-05-19 16:54:28'),(168,38,'A','20 m',0,0,'2026-05-19 16:54:28'),(169,38,'B','28 m',0,1,'2026-05-19 16:54:28'),(170,38,'C','40 m',0,2,'2026-05-19 16:54:28'),(171,38,'D','56 m',1,3,'2026-05-19 16:54:28'),(172,38,'E','80 m',0,4,'2026-05-19 16:54:28'),(173,39,'A','3,500 m',1,0,'2026-05-19 16:54:28'),(174,39,'B','350 m',0,1,'2026-05-19 16:54:28'),(175,39,'C','35,000 m',0,2,'2026-05-19 16:54:28'),(176,39,'D','0.0035 m',0,3,'2026-05-19 16:54:28'),(177,39,'E','35 m',0,4,'2026-05-19 16:54:28'),(178,40,'A','20%',1,0,'2026-05-19 16:54:28'),(179,40,'B','15%',0,1,'2026-05-19 16:54:28'),(180,40,'C','25%',0,2,'2026-05-19 16:54:28'),(181,40,'D','18%',0,3,'2026-05-19 16:54:28'),(182,40,'E','10%',0,4,'2026-05-19 16:54:28'),(183,41,'A','TZS 900 & 1,200',1,0,'2026-05-19 16:54:28'),(184,41,'B','TZS 700 & 1,400',0,1,'2026-05-19 16:54:28'),(185,41,'C','TZS 800 & 1,300',0,2,'2026-05-19 16:54:28'),(186,41,'D','TZS 1,050 each',0,3,'2026-05-19 16:54:28'),(187,41,'E','TZS 600 & 1,500',0,4,'2026-05-19 16:54:28'),(188,42,'A','10',0,0,'2026-05-19 16:54:28'),(189,42,'B','11',0,1,'2026-05-19 16:54:28'),(190,42,'C','12',1,2,'2026-05-19 16:54:28'),(191,42,'D','13',0,3,'2026-05-19 16:54:28'),(192,42,'E','14',0,4,'2026-05-19 16:54:28'),(193,43,'A','4 h 35 min',1,0,'2026-05-19 16:54:28'),(194,43,'B','4 h 25 min',0,1,'2026-05-19 16:54:28'),(195,43,'C','5 h 35 min',0,2,'2026-05-19 16:54:28'),(196,43,'D','4 h 45 min',0,3,'2026-05-19 16:54:28'),(197,43,'E','5 h 25 min',0,4,'2026-05-19 16:54:28'),(198,44,'A','TZS 9,440',1,0,'2026-05-19 16:54:28'),(199,44,'B','TZS 9,500',0,1,'2026-05-19 16:54:28'),(200,44,'C','TZS 8,440',0,2,'2026-05-19 16:54:28'),(201,44,'D','TZS 10,240',0,3,'2026-05-19 16:54:28'),(202,44,'E','TZS 7,760',0,4,'2026-05-19 16:54:28'),(203,45,'A','Monday',0,0,'2026-05-19 16:54:28'),(204,45,'B','Tuesday',0,1,'2026-05-19 16:54:28'),(205,45,'C','Wednesday',1,2,'2026-05-19 16:54:28'),(206,45,'D','Thursday',0,3,'2026-05-19 16:54:28'),(207,45,'E','Friday',0,4,'2026-05-19 16:54:28'),(208,46,'A','TZS 360,000',0,0,'2026-05-19 16:54:28'),(209,46,'B','TZS 480,000',0,1,'2026-05-19 16:54:28'),(210,46,'C','TZS 720,000',1,2,'2026-05-19 16:54:28'),(211,46,'D','TZS 600,000',0,3,'2026-05-19 16:54:28'),(212,46,'E','TZS 840,000',0,4,'2026-05-19 16:54:28'),(213,52,'A','108',0,0,'2026-05-19 16:54:28'),(214,52,'B','162',1,1,'2026-05-19 16:54:28'),(215,52,'C','216',0,2,'2026-05-19 16:54:28'),(216,52,'D','324',0,3,'2026-05-19 16:54:28'),(217,52,'E','36',0,4,'2026-05-19 16:54:28'),(218,53,'A','1.999',0,0,'2026-05-19 16:54:28'),(219,53,'B','2.000',1,1,'2026-05-19 16:54:28'),(220,53,'C','2.001',0,2,'2026-05-19 16:54:28'),(221,53,'D','1.000',0,3,'2026-05-19 16:54:28'),(222,53,'E','1.250',0,4,'2026-05-19 16:54:28'),(223,54,'A','6/9',0,0,'2026-05-19 16:54:28'),(224,54,'B','9/12',0,1,'2026-05-19 16:54:28'),(225,54,'C','12/15',0,2,'2026-05-19 16:54:28'),(226,54,'D','6/8',0,3,'2026-05-19 16:54:28'),(227,54,'E','Both B and D',1,4,'2026-05-19 16:54:28'),(228,55,'A','13',1,0,'2026-05-19 16:54:28'),(229,55,'B','12',0,1,'2026-05-19 16:54:28'),(230,55,'C','7',0,2,'2026-05-19 16:54:28'),(231,55,'D','11',0,3,'2026-05-19 16:54:28'),(232,55,'E','17',0,4,'2026-05-19 16:54:28'),(233,56,'A','14',0,0,'2026-05-19 16:54:28'),(234,56,'B','140',1,1,'2026-05-19 16:54:28'),(235,56,'C','1,400',0,2,'2026-05-19 16:54:28'),(236,56,'D','0.14',0,3,'2026-05-19 16:54:28'),(237,56,'E','0.140',0,4,'2026-05-19 16:54:28'),(238,57,'A','4',0,0,'2026-05-19 16:54:28'),(239,57,'B','6',0,1,'2026-05-19 16:54:28'),(240,57,'C','8',0,2,'2026-05-19 16:54:28'),(241,57,'D','12',1,3,'2026-05-19 16:54:28'),(242,57,'E','72',0,4,'2026-05-19 16:54:28'),(243,58,'A','5/8',0,0,'2026-05-19 16:54:28'),(244,58,'B','5/15',0,1,'2026-05-19 16:54:28'),(245,58,'C','19/15',1,2,'2026-05-19 16:54:28'),(246,58,'D','1/5',0,3,'2026-05-19 16:54:28'),(247,58,'E','5/3',0,4,'2026-05-19 16:54:28'),(248,59,'A','4',0,0,'2026-05-19 16:54:28'),(249,59,'B','5',0,1,'2026-05-19 16:54:28'),(250,59,'C','6',0,2,'2026-05-19 16:54:28'),(251,59,'D','7',1,3,'2026-05-19 16:54:28'),(252,59,'E','8',0,4,'2026-05-19 16:54:28'),(253,60,'A','25 cm',0,0,'2026-05-19 16:54:28'),(254,60,'B','250 cm',1,1,'2026-05-19 16:54:28'),(255,60,'C','2,500 cm',0,2,'2026-05-19 16:54:28'),(256,60,'D','0.25 cm',0,3,'2026-05-19 16:54:28'),(257,60,'E','0.025 cm',0,4,'2026-05-19 16:54:28'),(258,61,'A','44 cm',0,0,'2026-05-19 16:54:28'),(259,61,'B','88 cm',1,1,'2026-05-19 16:54:28'),(260,61,'C','176 cm',0,2,'2026-05-19 16:54:28'),(261,61,'D','308 cm',0,3,'2026-05-19 16:54:28'),(262,61,'E','616 cm',0,4,'2026-05-19 16:54:28'),(263,62,'A','TZS 3,000',0,0,'2026-05-19 16:54:28'),(264,62,'B','TZS 30,000',1,1,'2026-05-19 16:54:28'),(265,62,'C','TZS 300,000',0,2,'2026-05-19 16:54:28'),(266,62,'D','TZS 3,000,000',0,3,'2026-05-19 16:54:28'),(267,62,'E','TZS 1,000',0,4,'2026-05-19 16:54:28'),(268,63,'A','TZS 600 & 900',1,0,'2026-05-19 16:54:28'),(269,63,'B','TZS 500 & 1,000',0,1,'2026-05-19 16:54:28'),(270,63,'C','TZS 750 & 750',0,2,'2026-05-19 16:54:28'),(271,63,'D','TZS 400 & 1,100',0,3,'2026-05-19 16:54:28'),(272,63,'E','TZS 300 & 1,200',0,4,'2026-05-19 16:54:28'),(273,64,'A','4',1,0,'2026-05-19 16:54:28'),(274,64,'B','7',0,1,'2026-05-19 16:54:28'),(275,64,'C','6',0,2,'2026-05-19 16:54:28'),(276,64,'D','8',0,3,'2026-05-19 16:54:28'),(277,64,'E','9',0,4,'2026-05-19 16:54:28'),(278,65,'A','18',0,0,'2026-05-19 16:54:28'),(279,65,'B','15',0,1,'2026-05-19 16:54:28'),(280,65,'C','24',1,2,'2026-05-19 16:54:28'),(281,65,'D','21',0,3,'2026-05-19 16:54:28'),(282,65,'E','12',0,4,'2026-05-19 16:54:28'),(283,66,'A','17 cmô°',0,0,'2026-05-19 16:54:28'),(284,66,'B','40 cmô°',0,1,'2026-05-19 16:54:28'),(285,66,'C','160 cmô°',1,2,'2026-05-19 16:54:28'),(286,66,'D','200 cmô°',0,3,'2026-05-19 16:54:28'),(287,66,'E','320 cmô°',0,4,'2026-05-19 16:54:28'),(288,67,'A','0.375',1,0,'2026-05-19 16:54:28'),(289,67,'B','3.8',0,1,'2026-05-19 16:54:28'),(290,67,'C','0.38',0,2,'2026-05-19 16:54:28'),(291,67,'D','3.75',0,3,'2026-05-19 16:54:28'),(292,67,'E','0.0375',0,4,'2026-05-19 16:54:28'),(293,68,'A','25%',1,0,'2026-05-19 16:54:28'),(294,68,'B','20%',0,1,'2026-05-19 16:54:28'),(295,68,'C','16%',0,2,'2026-05-19 16:54:28'),(296,68,'D','28%',0,3,'2026-05-19 16:54:28'),(297,68,'E','30%',0,4,'2026-05-19 16:54:28'),(298,69,'A','108 cmôý',0,0,'2026-05-19 16:54:28'),(299,69,'B','54 cmôý',1,1,'2026-05-19 16:54:28'),(300,69,'C','21 cmôý',0,2,'2026-05-19 16:54:28'),(301,69,'D','63 cmôý',0,3,'2026-05-19 16:54:28'),(302,69,'E','48 cmôý',0,4,'2026-05-19 16:54:28'),(303,70,'A','TZS 1,150',1,0,'2026-05-19 16:54:28'),(304,70,'B','TZS 1,950',0,1,'2026-05-19 16:54:28'),(305,70,'C','TZS 3,050',0,2,'2026-05-19 16:54:28'),(306,70,'D','TZS 2,650',0,3,'2026-05-19 16:54:28'),(307,70,'E','TZS 1,250',0,4,'2026-05-19 16:54:28'),(308,71,'A','2:35 am',0,0,'2026-05-19 16:54:28'),(309,71,'B','2:35 pm',1,1,'2026-05-19 16:54:28'),(310,71,'C','3:35 am',0,2,'2026-05-19 16:54:28'),(311,71,'D','3:35 pm',0,3,'2026-05-19 16:54:28'),(312,71,'E','4:35 pm',0,4,'2026-05-19 16:54:28'),(313,72,'A','700,000',1,0,'2026-05-19 16:54:28'),(314,72,'B','70,000',0,1,'2026-05-19 16:54:28'),(315,72,'C','7,000',0,2,'2026-05-19 16:54:28'),(316,72,'D','700',0,3,'2026-05-19 16:54:28'),(317,72,'E','70',0,4,'2026-05-19 16:54:28'),(318,73,'A','4/5',1,0,'2026-05-19 16:54:28'),(319,73,'B','8/10',0,1,'2026-05-19 16:54:28'),(320,73,'C','12/15',0,2,'2026-05-19 16:54:28'),(321,73,'D','24/30',0,3,'2026-05-19 16:54:28'),(322,73,'E','3/4',0,4,'2026-05-19 16:54:28'),(323,74,'A','8 cm',0,0,'2026-05-19 16:54:28'),(324,74,'B','16 cm',0,1,'2026-05-19 16:54:28'),(325,74,'C','32 cm',1,2,'2026-05-19 16:54:28'),(326,74,'D','64 cm',0,3,'2026-05-19 16:54:28'),(327,74,'E','128 cm',0,4,'2026-05-19 16:54:28'),(328,75,'A','450 g',0,0,'2026-05-19 16:54:28'),(329,75,'B','4,500 g',1,1,'2026-05-19 16:54:28'),(330,75,'C','45,000 g',0,2,'2026-05-19 16:54:28'),(331,75,'D','0.45 g',0,3,'2026-05-19 16:54:28'),(332,75,'E','0.045 g',0,4,'2026-05-19 16:54:28'),(333,76,'A','30',0,0,'2026-05-19 16:54:28'),(334,76,'B','36',1,1,'2026-05-19 16:54:28'),(335,76,'C','49',0,2,'2026-05-19 16:54:28'),(336,76,'D','35',0,3,'2026-05-19 16:54:28'),(337,76,'E','31',0,4,'2026-05-19 16:54:28'),(338,77,'A','9.6 days',0,0,'2026-05-19 16:54:28'),(339,77,'B','15 days',1,1,'2026-05-19 16:54:28'),(340,77,'C','16 days',0,2,'2026-05-19 16:54:28'),(341,77,'D','20 days',0,3,'2026-05-19 16:54:28'),(342,77,'E','10 days',0,4,'2026-05-19 16:54:28'),(343,78,'A','TZS 5,200',0,0,'2026-05-19 16:54:28'),(344,78,'B','TZS 6,500',1,1,'2026-05-19 16:54:28'),(345,78,'C','TZS 7,150',0,2,'2026-05-19 16:54:28'),(346,78,'D','TZS 4,500',0,3,'2026-05-19 16:54:28'),(347,78,'E','TZS 6,800',0,4,'2026-05-19 16:54:28'),(348,79,'A','45/100',0,0,'2026-05-19 16:54:28'),(349,79,'B','9/20',1,1,'2026-05-19 16:54:28'),(350,79,'C','4/5',0,2,'2026-05-19 16:54:28'),(351,79,'D','9/10',0,3,'2026-05-19 16:54:28'),(352,79,'E','18/40',0,4,'2026-05-19 16:54:28'),(353,80,'A','7,800',0,0,'2026-05-19 16:54:28'),(354,80,'B','7,850',0,1,'2026-05-19 16:54:28'),(355,80,'C','7,900',1,2,'2026-05-19 16:54:28'),(356,80,'D','7,000',0,3,'2026-05-19 16:54:28'),(357,80,'E','7,800',0,4,'2026-05-19 16:54:28'),(358,81,'A','January',0,0,'2026-05-19 16:54:28'),(359,81,'B','February',0,1,'2026-05-19 16:54:28'),(360,81,'C','March',0,2,'2026-05-19 16:54:28'),(361,81,'D','April',1,3,'2026-05-19 16:54:28'),(362,81,'E','May',0,4,'2026-05-19 16:54:28'),(363,82,'A','65ô¯',0,0,'2026-05-19 16:54:28'),(364,82,'B','25ô¯',0,1,'2026-05-19 16:54:28'),(365,82,'C','115ô¯',1,2,'2026-05-19 16:54:28'),(366,82,'D','125ô¯',0,3,'2026-05-19 16:54:28'),(367,82,'E','45ô¯',0,4,'2026-05-19 16:54:28'),(368,83,'A','1,540 cmô°',1,0,'2026-05-19 16:54:28'),(369,83,'B','154 cmô°',0,1,'2026-05-19 16:54:28'),(370,83,'C','770 cmô°',0,2,'2026-05-19 16:54:28'),(371,83,'D','3,080 cmô°',0,3,'2026-05-19 16:54:28'),(372,83,'E','2,200 cmô°',0,4,'2026-05-19 16:54:28'),(373,84,'A','4 h',0,0,'2026-05-19 16:54:28'),(374,84,'B','5 h',1,1,'2026-05-19 16:54:28'),(375,84,'C','6 h',0,2,'2026-05-19 16:54:28'),(376,84,'D','4.5 h',0,3,'2026-05-19 16:54:28'),(377,84,'E','3.5 h',0,4,'2026-05-19 16:54:28'),(378,85,'A','35 L',0,0,'2026-05-19 16:54:28'),(379,85,'B','3.5 L',1,1,'2026-05-19 16:54:28'),(380,85,'C','350 L',0,2,'2026-05-19 16:54:28'),(381,85,'D','0.35 L',0,3,'2026-05-19 16:54:28'),(382,85,'E','0.035 L',0,4,'2026-05-19 16:54:28'),(383,86,'A','ã6',0,0,'2026-05-19 16:54:28'),(384,86,'B','0',1,1,'2026-05-19 16:54:28'),(385,86,'C','6',0,2,'2026-05-19 16:54:28'),(386,86,'D','ã16',0,3,'2026-05-19 16:54:28'),(387,86,'E','16',0,4,'2026-05-19 16:54:28'),(388,87,'A','3.6',0,0,'2026-05-19 16:54:28'),(389,87,'B','0.36',1,1,'2026-05-19 16:54:28'),(390,87,'C','0.036',0,2,'2026-05-19 16:54:28'),(391,87,'D','36.0',0,3,'2026-05-19 16:54:28'),(392,87,'E','0.0036',0,4,'2026-05-19 16:54:28'),(393,88,'A','50',0,0,'2026-05-19 16:54:28'),(394,88,'B','55',0,1,'2026-05-19 16:54:28'),(395,88,'C','60',1,2,'2026-05-19 16:54:28'),(396,88,'D','65',0,3,'2026-05-19 16:54:28'),(397,88,'E','70',0,4,'2026-05-19 16:54:28'),(398,89,'A','25 April',0,0,'2026-05-19 16:54:28'),(399,89,'B','29 April',1,1,'2026-05-19 16:54:28'),(400,89,'C','30 April',0,2,'2026-05-19 16:54:28'),(401,89,'D','1 May',0,3,'2026-05-19 16:54:28'),(402,89,'E','2 May',0,4,'2026-05-19 16:54:28'),(403,90,'A','TZS 144,000',1,0,'2026-05-19 16:54:28'),(404,90,'B','TZS 120,000',0,1,'2026-05-19 16:54:28'),(405,90,'C','TZS 192,000',0,2,'2026-05-19 16:54:28'),(406,90,'D','TZS 96,000',0,3,'2026-05-19 16:54:28'),(407,90,'E','TZS 168,000',0,4,'2026-05-19 16:54:28'),(408,91,'A','80',0,0,'2026-05-19 16:54:28'),(409,91,'B','160',0,1,'2026-05-19 16:54:28'),(410,91,'C','200',1,2,'2026-05-19 16:54:28'),(411,91,'D','320',0,3,'2026-05-19 16:54:28'),(412,91,'E','400',0,4,'2026-05-19 16:54:28'),(413,97,'A','162',0,0,'2026-05-19 16:54:28'),(414,97,'B','243',1,1,'2026-05-19 16:54:28'),(415,97,'C','324',0,2,'2026-05-19 16:54:28'),(416,97,'D','486',0,3,'2026-05-19 16:54:28'),(417,97,'E','729',0,4,'2026-05-19 16:54:28'),(418,98,'A','7.39',0,0,'2026-05-19 16:54:28'),(419,98,'B','7.29',1,1,'2026-05-19 16:54:28'),(420,98,'C','8.39',0,2,'2026-05-19 16:54:28'),(421,98,'D','6.39',0,3,'2026-05-19 16:54:28'),(422,98,'E','7.19',0,4,'2026-05-19 16:54:28'),(423,99,'A','7/9',0,0,'2026-05-19 16:54:28'),(424,99,'B','3/5',0,1,'2026-05-19 16:54:28'),(425,99,'C','12/20',1,2,'2026-05-19 16:54:28'),(426,99,'D','7/20',0,3,'2026-05-19 16:54:28'),(427,99,'E','4/5',0,4,'2026-05-19 16:54:28'),(428,100,'A','24',0,0,'2026-05-19 16:54:28'),(429,100,'B','26',1,1,'2026-05-19 16:54:28'),(430,100,'C','28',0,2,'2026-05-19 16:54:28'),(431,100,'D','22',0,3,'2026-05-19 16:54:28'),(432,100,'E','30',0,4,'2026-05-19 16:54:28'),(433,101,'A','21',0,0,'2026-05-19 16:54:28'),(434,101,'B','210',1,1,'2026-05-19 16:54:28'),(435,101,'C','2100',0,2,'2026-05-19 16:54:28'),(436,101,'D','84',0,3,'2026-05-19 16:54:28'),(437,101,'E','420',0,4,'2026-05-19 16:54:28'),(438,102,'A','2,3,5',1,0,'2026-05-19 16:54:28'),(439,102,'B','2,5,6',0,1,'2026-05-19 16:54:28'),(440,102,'C','3,4,5',0,2,'2026-05-19 16:54:28'),(441,102,'D','2,4,5',0,3,'2026-05-19 16:54:28'),(442,102,'E','1,2,30',0,4,'2026-05-19 16:54:28'),(443,103,'A','ô§',1,0,'2026-05-19 16:54:28'),(444,103,'B','ã',0,1,'2026-05-19 16:54:28'),(445,103,'C','ô¥',0,2,'2026-05-19 16:54:28'),(446,103,'D','ã',0,3,'2026-05-19 16:54:28'),(447,103,'E','1/6',0,4,'2026-05-19 16:54:28'),(448,104,'A','5',0,0,'2026-05-19 16:54:28'),(449,104,'B','7',1,1,'2026-05-19 16:54:28'),(450,104,'C','9',0,2,'2026-05-19 16:54:28'),(451,104,'D','11',0,3,'2026-05-19 16:54:28'),(452,104,'E','13',0,4,'2026-05-19 16:54:28'),(453,105,'A','225 ml',0,0,'2026-05-19 16:54:28'),(454,105,'B','2,025 ml',0,1,'2026-05-19 16:54:28'),(455,105,'C','2,250 ml',1,2,'2026-05-19 16:54:28'),(456,105,'D','2,500 ml',0,3,'2026-05-19 16:54:28'),(457,105,'E','225,000 ml',0,4,'2026-05-19 16:54:28'),(458,106,'A','18ô¯',0,0,'2026-05-19 16:54:28'),(459,106,'B','108ô¯',0,1,'2026-05-19 16:54:28'),(460,106,'C','72ô¯',1,2,'2026-05-19 16:54:28'),(461,106,'D','288ô¯',0,3,'2026-05-19 16:54:28'),(462,106,'E','36ô¯',0,4,'2026-05-19 16:54:28'),(463,107,'A','TZS 900',0,0,'2026-05-19 16:54:28'),(464,107,'B','TZS 5,100',1,1,'2026-05-19 16:54:28'),(465,107,'C','TZS 6,900',0,2,'2026-05-19 16:54:28'),(466,107,'D','TZS 7,200',0,3,'2026-05-19 16:54:28'),(467,107,'E','TZS 5,500',0,4,'2026-05-19 16:54:28'),(468,108,'A','8',0,0,'2026-05-19 16:54:28'),(469,108,'B','10',0,1,'2026-05-19 16:54:28'),(470,108,'C','15',1,2,'2026-05-19 16:54:28'),(471,108,'D','20',0,3,'2026-05-19 16:54:28'),(472,108,'E','24',0,4,'2026-05-19 16:54:28'),(473,109,'A','5',0,0,'2026-05-19 16:54:28'),(474,109,'B','7',0,1,'2026-05-19 16:54:28'),(475,109,'C','8',1,2,'2026-05-19 16:54:28'),(476,109,'D','12',0,3,'2026-05-19 16:54:28'),(477,109,'E','9',0,4,'2026-05-19 16:54:28'),(478,110,'A','Four million five hundred thousand',1,0,'2026-05-19 16:54:28'),(479,110,'B','Forty-five million',0,1,'2026-05-19 16:54:28'),(480,110,'C','Four billion five hundred million',0,2,'2026-05-19 16:54:28'),(481,110,'D','Four hundred fifty thousand',0,3,'2026-05-19 16:54:28'),(482,110,'E','Four million five thousand',0,4,'2026-05-19 16:54:28'),(483,111,'A','36 cmô°',0,0,'2026-05-19 16:54:28'),(484,111,'B','72 cmô°',1,1,'2026-05-19 16:54:28'),(485,111,'C','48 cmô°',0,2,'2026-05-19 16:54:28'),(486,111,'D','108 cmô°',0,3,'2026-05-19 16:54:28'),(487,111,'E','24 cmô°',0,4,'2026-05-19 16:54:28'),(488,112,'A','0.58',0,0,'2026-05-19 16:54:28'),(489,112,'B','0.625',1,1,'2026-05-19 16:54:28'),(490,112,'C','0.825',0,2,'2026-05-19 16:54:28'),(491,112,'D','0.0625',0,3,'2026-05-19 16:54:28'),(492,112,'E','0.6',0,4,'2026-05-19 16:54:28'),(493,113,'A','8,100',0,0,'2026-05-19 16:54:28'),(494,113,'B','8,500',0,1,'2026-05-19 16:54:28'),(495,113,'C','9,000',1,2,'2026-05-19 16:54:28'),(496,113,'D','8,800',0,3,'2026-05-19 16:54:28'),(497,113,'E','9,100',0,4,'2026-05-19 16:54:28'),(498,114,'A','117 môý',1,0,'2026-05-19 16:54:28'),(499,114,'B','162 môý',0,1,'2026-05-19 16:54:28'),(500,114,'C','286 môý',0,2,'2026-05-19 16:54:28'),(501,114,'D','130 môý',0,3,'2026-05-19 16:54:28'),(502,114,'E','143 môý',0,4,'2026-05-19 16:54:28'),(503,115,'A','2,169',1,0,'2026-05-19 16:54:28'),(504,115,'B','2,269',0,1,'2026-05-19 16:54:28'),(505,115,'C','2,169',0,2,'2026-05-19 16:54:28'),(506,115,'D','1,179',0,3,'2026-05-19 16:54:28'),(507,115,'E','2,179',0,4,'2026-05-19 16:54:28'),(508,116,'A','10:15 pm',0,0,'2026-05-19 16:54:28'),(509,116,'B','10:20 pm',1,1,'2026-05-19 16:54:28'),(510,116,'C','9:55 pm',0,2,'2026-05-19 16:54:28'),(511,116,'D','10:30 pm',0,3,'2026-05-19 16:54:28'),(512,116,'E','11:15 pm',0,4,'2026-05-19 16:54:28'),(513,117,'A','13 cm',1,0,'2026-05-19 16:54:28'),(514,117,'B','17 cm',0,1,'2026-05-19 16:54:28'),(515,117,'C','15 cm',0,2,'2026-05-19 16:54:28'),(516,117,'D','10 cm',0,3,'2026-05-19 16:54:28'),(517,117,'E','7 cm',0,4,'2026-05-19 16:54:28'),(518,118,'A','6/8',0,0,'2026-05-19 16:54:28'),(519,118,'B','9/12',0,1,'2026-05-19 16:54:28'),(520,118,'C','18/24',0,2,'2026-05-19 16:54:28'),(521,118,'D','15/20',0,3,'2026-05-19 16:54:28'),(522,118,'E','12/16',1,4,'2026-05-19 16:54:28'),(523,119,'A','120 km',0,0,'2026-05-19 16:54:28'),(524,119,'B','150 km',1,1,'2026-05-19 16:54:28'),(525,119,'C','25 km',0,2,'2026-05-19 16:54:28'),(526,119,'D','160 km',0,3,'2026-05-19 16:54:28'),(527,119,'E','90 km',0,4,'2026-05-19 16:54:28'),(528,120,'A','ô¥',1,0,'2026-05-19 16:54:28'),(529,120,'B','ã',0,1,'2026-05-19 16:54:28'),(530,120,'C','ô§',0,2,'2026-05-19 16:54:28'),(531,120,'D','ã',0,3,'2026-05-19 16:54:28'),(532,120,'E','ã',0,4,'2026-05-19 16:54:28'),(533,121,'A','33',0,0,'2026-05-19 16:54:28'),(534,121,'B','35',0,1,'2026-05-19 16:54:28'),(535,121,'C','37',1,2,'2026-05-19 16:54:28'),(536,121,'D','39',0,3,'2026-05-19 16:54:28'),(537,121,'E','41',0,4,'2026-05-19 16:54:28'),(538,122,'A','21,500',1,0,'2026-05-19 16:54:28'),(539,122,'B','21,000',0,1,'2026-05-19 16:54:28'),(540,122,'C','22,000',0,2,'2026-05-19 16:54:28'),(541,122,'D','215,000',0,3,'2026-05-19 16:54:28'),(542,122,'E','2,150',0,4,'2026-05-19 16:54:28'),(543,123,'A','39',0,0,'2026-05-19 16:54:28'),(544,123,'B','9',1,1,'2026-05-19 16:54:28'),(545,123,'C','ã39',0,2,'2026-05-19 16:54:28'),(546,123,'D','ã9',0,3,'2026-05-19 16:54:28'),(547,123,'E','3',0,4,'2026-05-19 16:54:28'),(548,124,'A','8',1,0,'2026-05-19 16:54:28'),(549,124,'B','0.8',0,1,'2026-05-19 16:54:28'),(550,124,'C','80',0,2,'2026-05-19 16:54:28'),(551,124,'D','0.08',0,3,'2026-05-19 16:54:28'),(552,124,'E','0.008',0,4,'2026-05-19 16:54:28'),(553,125,'A','45,000',0,0,'2026-05-19 16:54:28'),(554,125,'B','46,000',1,1,'2026-05-19 16:54:28'),(555,125,'C','45,800',0,2,'2026-05-19 16:54:28'),(556,125,'D','44,000',0,3,'2026-05-19 16:54:28'),(557,125,'E','47,000',0,4,'2026-05-19 16:54:28'),(558,126,'A','TZS 4,500',1,0,'2026-05-19 16:54:28'),(559,126,'B','TZS 4,000',0,1,'2026-05-19 16:54:28'),(560,126,'C','TZS 3,600',0,2,'2026-05-19 16:54:28'),(561,126,'D','TZS 5,000',0,3,'2026-05-19 16:54:28'),(562,126,'E','TZS 3,000',0,4,'2026-05-19 16:54:28'),(563,127,'A','66 cmôý',1,0,'2026-05-19 16:54:28'),(564,127,'B','132 cmôý',0,1,'2026-05-19 16:54:28'),(565,127,'C','48 cmôý',0,2,'2026-05-19 16:54:28'),(566,127,'D','72 cmôý',0,3,'2026-05-19 16:54:28'),(567,127,'E','84 cmôý',0,4,'2026-05-19 16:54:28'),(568,128,'A','TZS 27,000',0,0,'2026-05-19 16:54:28'),(569,128,'B','TZS 54,000',1,1,'2026-05-19 16:54:28'),(570,128,'C','TZS 270,000',0,2,'2026-05-19 16:54:28'),(571,128,'D','TZS 540,000',0,3,'2026-05-19 16:54:28'),(572,128,'E','TZS 108,000',0,4,'2026-05-19 16:54:28'),(573,129,'A','15',0,0,'2026-05-19 16:54:28'),(574,129,'B','20',0,1,'2026-05-19 16:54:28'),(575,129,'C','25',1,2,'2026-05-19 16:54:28'),(576,129,'D','30',0,3,'2026-05-19 16:54:28'),(577,129,'E','35',0,4,'2026-05-19 16:54:28'),(578,130,'A','TZS 48,000',0,0,'2026-05-19 16:54:28'),(579,130,'B','TZS 120,000',0,1,'2026-05-19 16:54:28'),(580,130,'C','TZS 288,000',1,2,'2026-05-19 16:54:28'),(581,130,'D','TZS 240,000',0,3,'2026-05-19 16:54:28'),(582,130,'E','TZS 576,000',0,4,'2026-05-19 16:54:28'),(583,131,'A','4.5 m',1,0,'2026-05-19 16:54:28'),(584,131,'B','45 m',0,1,'2026-05-19 16:54:28'),(585,131,'C','0.45 m',0,2,'2026-05-19 16:54:28'),(586,131,'D','4,500 m',0,3,'2026-05-19 16:54:28'),(587,131,'E','0.045 m',0,4,'2026-05-19 16:54:28'),(588,132,'A','58',1,0,'2026-05-19 16:54:28'),(589,132,'B','56',0,1,'2026-05-19 16:54:28'),(590,132,'C','54',0,2,'2026-05-19 16:54:28'),(591,132,'D','52',0,3,'2026-05-19 16:54:28'),(592,132,'E','60',0,4,'2026-05-19 16:54:28'),(593,133,'A','6 squares',1,0,'2026-05-19 16:54:28'),(594,133,'B','4 squares',0,1,'2026-05-19 16:54:28'),(595,133,'C','8 squares',0,2,'2026-05-19 16:54:28'),(596,133,'D','5 triangles',0,3,'2026-05-19 16:54:28'),(597,133,'E','6 rectangles',0,4,'2026-05-19 16:54:28'),(598,134,'A','1,2,3,4,6,9,12,18,36',1,0,'2026-05-19 16:54:28'),(599,134,'B','1,2,3,4,6,12,18,36',0,1,'2026-05-19 16:54:28'),(600,134,'C','1,2,3,4,6,9,18,36',0,2,'2026-05-19 16:54:28'),(601,134,'D','1,3,6,9,12,18,36',0,3,'2026-05-19 16:54:28'),(602,134,'E','1,2,4,6,9,12,36',0,4,'2026-05-19 16:54:28'),(603,135,'A','0615',1,0,'2026-05-19 16:54:28'),(604,135,'B','1815',0,1,'2026-05-19 16:54:28'),(605,135,'C','0015',0,2,'2026-05-19 16:54:28'),(606,135,'D','0715',0,3,'2026-05-19 16:54:28'),(607,135,'E','1615',0,4,'2026-05-19 16:54:28'),(608,136,'A','3 h 7.5 min',1,0,'2026-05-19 16:54:28'),(609,136,'B','3 h 26 min',0,1,'2026-05-19 16:54:28'),(610,136,'C','3 h',0,2,'2026-05-19 16:54:28'),(611,136,'D','3.5 h',0,3,'2026-05-19 16:54:28'),(612,136,'E','4 h',0,4,'2026-05-19 16:54:28'),(613,142,'A','60',0,0,'2026-05-19 16:54:28'),(614,142,'B','80',1,1,'2026-05-19 16:54:28'),(615,142,'C','70',0,2,'2026-05-19 16:54:28'),(616,142,'D','50',0,3,'2026-05-19 16:54:28'),(617,142,'E','100',0,4,'2026-05-19 16:54:28'),(618,143,'A','50.23',0,0,'2026-05-19 16:54:28'),(619,143,'B','50.33',1,1,'2026-05-19 16:54:28'),(620,143,'C','49.23',0,2,'2026-05-19 16:54:28'),(621,143,'D','51.33',0,3,'2026-05-19 16:54:28'),(622,143,'E','50.43',0,4,'2026-05-19 16:54:28'),(623,144,'A','17/12',1,0,'2026-05-19 16:54:28'),(624,144,'B','7/6',0,1,'2026-05-19 16:54:28'),(625,144,'C','5/12',0,2,'2026-05-19 16:54:28'),(626,144,'D','9/12',0,3,'2026-05-19 16:54:28'),(627,144,'E','12/7',0,4,'2026-05-19 16:54:28'),(628,145,'A','20',1,0,'2026-05-19 16:54:28'),(629,145,'B','18',0,1,'2026-05-19 16:54:28'),(630,145,'C','16',0,2,'2026-05-19 16:54:28'),(631,145,'D','14',0,3,'2026-05-19 16:54:28'),(632,145,'E','12',0,4,'2026-05-19 16:54:28'),(633,146,'A','TZS 1,000',0,0,'2026-05-19 16:54:28'),(634,146,'B','TZS 10,000',1,1,'2026-05-19 16:54:28'),(635,146,'C','TZS 100,000',0,2,'2026-05-19 16:54:28'),(636,146,'D','TZS 2,500',0,3,'2026-05-19 16:54:28'),(637,146,'E','TZS 15,000',0,4,'2026-05-19 16:54:28'),(638,147,'A','2',0,0,'2026-05-19 16:54:28'),(639,147,'B','12',0,1,'2026-05-19 16:54:28'),(640,147,'C','24',1,2,'2026-05-19 16:54:28'),(641,147,'D','48',0,3,'2026-05-19 16:54:28'),(642,147,'E','96',0,4,'2026-05-19 16:54:28'),(643,148,'A','8/14',0,0,'2026-05-19 16:54:28'),(644,148,'B','3/9',0,1,'2026-05-19 16:54:28'),(645,148,'C','15/45',0,2,'2026-05-19 16:54:28'),(646,148,'D','1/3',1,3,'2026-05-19 16:54:28'),(647,148,'E','15/9',0,4,'2026-05-19 16:54:28'),(648,149,'A','4',0,0,'2026-05-19 16:54:28'),(649,149,'B','6',0,1,'2026-05-19 16:54:28'),(650,149,'C','8',1,2,'2026-05-19 16:54:28'),(651,149,'D','10',0,3,'2026-05-19 16:54:28'),(652,149,'E','12',0,4,'2026-05-19 16:54:28'),(653,150,'A','750 m',0,0,'2026-05-19 16:54:28'),(654,150,'B','7,500 m',1,1,'2026-05-19 16:54:28'),(655,150,'C','75,000 m',0,2,'2026-05-19 16:54:28'),(656,150,'D','75 m',0,3,'2026-05-19 16:54:28'),(657,150,'E','750,000 m',0,4,'2026-05-19 16:54:28'),(658,151,'A','44 cmôý',0,0,'2026-05-19 16:54:28'),(659,151,'B','88 cmôý',0,1,'2026-05-19 16:54:28'),(660,151,'C','154 cmôý',1,2,'2026-05-19 16:54:28'),(661,151,'D','616 cmôý',0,3,'2026-05-19 16:54:28'),(662,151,'E','308 cmôý',0,4,'2026-05-19 16:54:28'),(663,152,'A','TZS 6,000',0,0,'2026-05-19 16:54:28'),(664,152,'B','TZS 60,000',1,1,'2026-05-19 16:54:28'),(665,152,'C','TZS 600,000',0,2,'2026-05-19 16:54:28'),(666,152,'D','TZS 20,000',0,3,'2026-05-19 16:54:28'),(667,152,'E','TZS 6,000',0,4,'2026-05-19 16:54:28'),(668,153,'A','120 & 360',0,0,'2026-05-19 16:54:28'),(669,153,'B','160 & 320',0,1,'2026-05-19 16:54:28'),(670,153,'C','180 & 300',1,2,'2026-05-19 16:54:28'),(671,153,'D','150 & 330',0,3,'2026-05-19 16:54:28'),(672,153,'E','200 & 280',0,4,'2026-05-19 16:54:28'),(673,154,'A','17',0,0,'2026-05-19 16:54:28'),(674,154,'B','19',1,1,'2026-05-19 16:54:28'),(675,154,'C','21',0,2,'2026-05-19 16:54:28'),(676,154,'D','23',0,3,'2026-05-19 16:54:28'),(677,154,'E','25',0,4,'2026-05-19 16:54:28'),(678,155,'A','13',1,0,'2026-05-19 16:54:28'),(679,155,'B','15',0,1,'2026-05-19 16:54:28'),(680,155,'C','17',0,2,'2026-05-19 16:54:28'),(681,155,'D','12',0,3,'2026-05-19 16:54:28'),(682,155,'E','14',0,4,'2026-05-19 16:54:28'),(683,156,'A','180 cmô°',1,0,'2026-05-19 16:54:28'),(684,156,'B','360 cmô°',0,1,'2026-05-19 16:54:28'),(685,156,'C','72 cmô°',0,2,'2026-05-19 16:54:28'),(686,156,'D','45 cmô°',0,3,'2026-05-19 16:54:28'),(687,156,'E','90 cmô°',0,4,'2026-05-19 16:54:28'),(688,157,'A','0.35',1,0,'2026-05-19 16:54:28'),(689,157,'B','3.5',0,1,'2026-05-19 16:54:28'),(690,157,'C','0.035',0,2,'2026-05-19 16:54:28'),(691,157,'D','35',0,3,'2026-05-19 16:54:28'),(692,157,'E','0.7',0,4,'2026-05-19 16:54:28'),(693,158,'A','TZS 7,200',0,0,'2026-05-19 16:54:28'),(694,158,'B','TZS 7,500',1,1,'2026-05-19 16:54:28'),(695,158,'C','TZS 7,800',0,2,'2026-05-19 16:54:28'),(696,158,'D','TZS 8,000',0,3,'2026-05-19 16:54:28'),(697,158,'E','TZS 6,000',0,4,'2026-05-19 16:54:28'),(698,159,'A','65.1 cmôý',0,0,'2026-05-19 16:54:28'),(699,159,'B','130.2 cmôý',0,1,'2026-05-19 16:54:28'),(700,159,'C','73.5 cmôý',1,2,'2026-05-19 16:54:28'),(701,159,'D','68.7 cmôý',0,3,'2026-05-19 16:54:28'),(702,159,'E','58.3 cmôý',0,4,'2026-05-19 16:54:28'),(703,160,'A','535',1,0,'2026-05-19 16:54:28'),(704,160,'B','545',0,1,'2026-05-19 16:54:28'),(705,160,'C','555',0,2,'2026-05-19 16:54:28'),(706,160,'D','565',0,3,'2026-05-19 16:54:28'),(707,160,'E','565',0,4,'2026-05-19 16:54:28'),(708,161,'A','10:45 pm',1,0,'2026-05-19 16:54:28'),(709,161,'B','10:45 am',0,1,'2026-05-19 16:54:28'),(710,161,'C','11:45 pm',0,2,'2026-05-19 16:54:28'),(711,161,'D','11:45 am',0,3,'2026-05-19 16:54:28'),(712,161,'E','9:45 pm',0,4,'2026-05-19 16:54:28'),(713,162,'A','4,302,009',1,0,'2026-05-19 16:54:28'),(714,162,'B','4,320,009',0,1,'2026-05-19 16:54:28'),(715,162,'C','4,032,009',0,2,'2026-05-19 16:54:28'),(716,162,'D','4,230,009',0,3,'2026-05-19 16:54:28'),(717,162,'E','4,302,900',0,4,'2026-05-19 16:54:28'),(718,163,'A','4ãçãã',1,0,'2026-05-19 16:54:28'),(719,163,'B','5ãçãã',0,1,'2026-05-19 16:54:28'),(720,163,'C','4ãÑãã',0,2,'2026-05-19 16:54:28'),(721,163,'D','5ãÇãã',0,3,'2026-05-19 16:54:28'),(722,163,'E','4ãÇãã',0,4,'2026-05-19 16:54:28'),(723,164,'A','60ô¯',1,0,'2026-05-19 16:54:28'),(724,164,'B','70ô¯',0,1,'2026-05-19 16:54:28'),(725,164,'C','50ô¯',0,2,'2026-05-19 16:54:28'),(726,164,'D','40ô¯',0,3,'2026-05-19 16:54:28'),(727,164,'E','80ô¯',0,4,'2026-05-19 16:54:28'),(728,165,'A','27.5 kg',0,0,'2026-05-19 16:54:28'),(729,165,'B','2.75 kg',1,1,'2026-05-19 16:54:28'),(730,165,'C','0.275 kg',0,2,'2026-05-19 16:54:28'),(731,165,'D','275 kg',0,3,'2026-05-19 16:54:28'),(732,165,'E','0.0275 kg',0,4,'2026-05-19 16:54:28'),(733,166,'A','3',0,0,'2026-05-19 16:54:28'),(734,166,'B','4',1,1,'2026-05-19 16:54:28'),(735,166,'C','5',0,2,'2026-05-19 16:54:28'),(736,166,'D','6',0,3,'2026-05-19 16:54:28'),(737,166,'E','7',0,4,'2026-05-19 16:54:28'),(738,167,'A','TZS 9,750',1,0,'2026-05-19 16:54:28'),(739,167,'B','TZS 10,000',0,1,'2026-05-19 16:54:28'),(740,167,'C','TZS 8,500',0,2,'2026-05-19 16:54:28'),(741,167,'D','TZS 11,000',0,3,'2026-05-19 16:54:28'),(742,167,'E','TZS 9,500',0,4,'2026-05-19 16:54:28'),(743,168,'A','TZS 13,800',1,0,'2026-05-19 16:54:28'),(744,168,'B','TZS 13,200',0,1,'2026-05-19 16:54:28'),(745,168,'C','TZS 14,200',0,2,'2026-05-19 16:54:28'),(746,168,'D','TZS 13,500',0,3,'2026-05-19 16:54:28'),(747,168,'E','TZS 12,800',0,4,'2026-05-19 16:54:28'),(748,169,'A','85%',0,0,'2026-05-19 16:54:28'),(749,169,'B','8.5%',1,1,'2026-05-19 16:54:28'),(750,169,'C','0.85%',0,2,'2026-05-19 16:54:28'),(751,169,'D','0.085%',0,3,'2026-05-19 16:54:28'),(752,169,'E','850%',0,4,'2026-05-19 16:54:28'),(753,170,'A','2,000',0,0,'2026-05-19 16:54:28'),(754,170,'B','2,500',1,1,'2026-05-19 16:54:28'),(755,170,'C','2,450',0,2,'2026-05-19 16:54:28'),(756,170,'D','2,550',0,3,'2026-05-19 16:54:28'),(757,170,'E','3,000',0,4,'2026-05-19 16:54:28'),(758,171,'A','50',1,0,'2026-05-19 16:54:28'),(759,171,'B','55',0,1,'2026-05-19 16:54:28'),(760,171,'C','40',0,2,'2026-05-19 16:54:28'),(761,171,'D','45',0,3,'2026-05-19 16:54:28'),(762,171,'E','60',0,4,'2026-05-19 16:54:28'),(763,172,'A','24 cm',1,0,'2026-05-19 16:54:28'),(764,172,'B','20 cm',0,1,'2026-05-19 16:54:28'),(765,172,'C','16 cm',0,2,'2026-05-19 16:54:28'),(766,172,'D','28 cm',0,3,'2026-05-19 16:54:28'),(767,172,'E','22 cm',0,4,'2026-05-19 16:54:28'),(768,173,'A','3,080 cmô°',1,0,'2026-05-19 16:54:28'),(769,173,'B','6,160 cmô°',0,1,'2026-05-19 16:54:28'),(770,173,'C','1,540 cmô°',0,2,'2026-05-19 16:54:28'),(771,173,'D','4,400 cmô°',0,3,'2026-05-19 16:54:28'),(772,173,'E','2,200 cmô°',0,4,'2026-05-19 16:54:28'),(773,174,'A','24 km',0,0,'2026-05-19 16:54:28'),(774,174,'B','36 km',1,1,'2026-05-19 16:54:28'),(775,174,'C','40 km',0,2,'2026-05-19 16:54:28'),(776,174,'D','45 km',0,3,'2026-05-19 16:54:28'),(777,174,'E','60 km',0,4,'2026-05-19 16:54:28'),(778,175,'A','0.825 L',0,0,'2026-05-19 16:54:28'),(779,175,'B','82.5 L',0,1,'2026-05-19 16:54:28'),(780,175,'C','8.25 L',1,2,'2026-05-19 16:54:28'),(781,175,'D','825 L',0,3,'2026-05-19 16:54:28'),(782,175,'E','0.0825 L',0,4,'2026-05-19 16:54:28'),(783,176,'A','3',0,0,'2026-05-19 16:54:28'),(784,176,'B','6',0,1,'2026-05-19 16:54:28'),(785,176,'C','9',1,2,'2026-05-19 16:54:28'),(786,176,'D','12',0,3,'2026-05-19 16:54:28'),(787,176,'E','15',0,4,'2026-05-19 16:54:28'),(788,177,'A','1.2',1,0,'2026-05-19 16:54:28'),(789,177,'B','12',0,1,'2026-05-19 16:54:28'),(790,177,'C','0.12',0,2,'2026-05-19 16:54:28'),(791,177,'D','12.0',0,3,'2026-05-19 16:54:28'),(792,177,'E','1.20',0,4,'2026-05-19 16:54:28'),(793,178,'A','5',1,0,'2026-05-19 16:54:28'),(794,178,'B','5.5',0,1,'2026-05-19 16:54:28'),(795,178,'C','4.5',0,2,'2026-05-19 16:54:28'),(796,178,'D','6',0,3,'2026-05-19 16:54:28'),(797,178,'E','3',0,4,'2026-05-19 16:54:28'),(798,179,'A','10 July',0,0,'2026-05-19 16:54:28'),(799,179,'B','11 July',1,1,'2026-05-19 16:54:28'),(800,179,'C','12 July',0,2,'2026-05-19 16:54:28'),(801,179,'D','9 July',0,3,'2026-05-19 16:54:28'),(802,179,'E','13 July',0,4,'2026-05-19 16:54:28'),(803,180,'A','TZS 28,000',0,0,'2026-05-19 16:54:28'),(804,180,'B','TZS 42,000',0,1,'2026-05-19 16:54:28'),(805,180,'C','TZS 21,000',1,2,'2026-05-19 16:54:28'),(806,180,'D','TZS 14,000',0,3,'2026-05-19 16:54:28'),(807,180,'E','TZS 7,000',0,4,'2026-05-19 16:54:28'),(808,181,'A','10',0,0,'2026-05-19 16:54:28'),(809,181,'B','12',1,1,'2026-05-19 16:54:28'),(810,181,'C','16',0,2,'2026-05-19 16:54:28'),(811,181,'D','14',0,3,'2026-05-19 16:54:28'),(812,181,'E','18',0,4,'2026-05-19 16:54:28'),(813,187,'A','43',0,0,'2026-05-19 16:54:28'),(814,187,'B','45',1,1,'2026-05-19 16:54:28'),(815,187,'C','47',0,2,'2026-05-19 16:54:28'),(816,187,'D','42',0,3,'2026-05-19 16:54:28'),(817,187,'E','46',0,4,'2026-05-19 16:54:28'),(818,188,'A','60.63',0,0,'2026-05-19 16:54:28'),(819,188,'B','59.34',0,1,'2026-05-19 16:54:28'),(820,188,'C','60.37',0,2,'2026-05-19 16:54:28'),(821,188,'D','59.37',1,3,'2026-05-19 16:54:28'),(822,188,'E','59.36',0,4,'2026-05-19 16:54:28'),(823,189,'A','75%',0,0,'2026-05-19 16:54:28'),(824,189,'B','0.25%',0,1,'2026-05-19 16:54:28'),(825,189,'C','25%',1,2,'2026-05-19 16:54:28'),(826,189,'D','7.5%',0,3,'2026-05-19 16:54:28'),(827,189,'E','2.5%',0,4,'2026-05-19 16:54:28'),(828,190,'A','110',0,0,'2026-05-19 16:54:28'),(829,190,'B','242',0,1,'2026-05-19 16:54:28'),(830,190,'C','77',0,2,'2026-05-19 16:54:28'),(831,190,'D','51',0,3,'2026-05-19 16:54:28'),(832,190,'E','50',1,4,'2026-05-19 16:54:28'),(833,191,'A','81/150',1,0,'2026-05-19 16:54:28'),(834,191,'B','23/27',0,1,'2026-05-19 16:54:28'),(835,191,'C','50/29',0,2,'2026-05-19 16:54:28'),(836,191,'D','24/50',0,3,'2026-05-19 16:54:28'),(837,191,'E','4/27',0,4,'2026-05-19 16:54:28'),(838,192,'A','14',0,0,'2026-05-19 16:54:28'),(839,192,'B','4',0,1,'2026-05-19 16:54:28'),(840,192,'C','45',1,2,'2026-05-19 16:54:28'),(841,192,'D','90',0,3,'2026-05-19 16:54:28'),(842,192,'E','54',0,4,'2026-05-19 16:54:28'),(843,193,'A','15',0,0,'2026-05-19 16:54:28'),(844,193,'B','34',0,1,'2026-05-19 16:54:28'),(845,193,'C','9',1,2,'2026-05-19 16:54:28'),(846,193,'D','25',0,3,'2026-05-19 16:54:28'),(847,193,'E','14',0,4,'2026-05-19 16:54:28'),(848,194,'A','21',0,0,'2026-05-19 16:54:28'),(849,194,'B','14',0,1,'2026-05-19 16:54:28'),(850,194,'C','16',0,2,'2026-05-19 16:54:28'),(851,194,'D','7',1,3,'2026-05-19 16:54:28'),(852,194,'E','9',0,4,'2026-05-19 16:54:28'),(853,195,'A','36,48,54,56',0,0,'2026-05-19 16:54:28'),(854,195,'B','36,42,54,60',0,1,'2026-05-19 16:54:28'),(855,195,'C','36,40,42,48',0,2,'2026-05-19 16:54:28'),(856,195,'D','36,48,54,60',0,3,'2026-05-19 16:54:28'),(857,195,'E','36,42,48,54',1,4,'2026-05-19 16:54:28'),(858,196,'A','7,387',1,0,'2026-05-19 16:54:28'),(859,196,'B','7,378',0,1,'2026-05-19 16:54:28'),(860,196,'C','7,367',0,2,'2026-05-19 16:54:28'),(861,196,'D','7,373',0,3,'2026-05-19 16:54:28'),(862,196,'E','7,396',0,4,'2026-05-19 16:54:28'),(863,197,'A','116,120,122,124',0,0,'2026-05-19 16:54:28'),(864,197,'B','116,118,120,122',1,1,'2026-05-19 16:54:28'),(865,197,'C','116,119,120,122',0,2,'2026-05-19 16:54:28'),(866,197,'D','116,118,120,124',0,3,'2026-05-19 16:54:28'),(867,197,'E','116,120,123,124',0,4,'2026-05-19 16:54:28'),(868,198,'A','1.25,1/8,-3,0.15,20%',0,0,'2026-05-19 16:54:28'),(869,198,'B','-3,1.25,0.15,20%,1/8',0,1,'2026-05-19 16:54:28'),(870,198,'C','-3,20%,1.25,1/8,0.15',0,2,'2026-05-19 16:54:28'),(871,198,'D','1.25,20%,0.15,1/8,-3',1,3,'2026-05-19 16:54:28'),(872,198,'E','1.25,-3,20%,0.15,1/8',0,4,'2026-05-19 16:54:28'),(873,199,'A','2%',0,0,'2026-05-19 16:54:28'),(874,199,'B','3%',1,1,'2026-05-19 16:54:28'),(875,199,'C','4%',0,2,'2026-05-19 16:54:28'),(876,199,'D','5%',0,3,'2026-05-19 16:54:28'),(877,199,'E','1%',0,4,'2026-05-19 16:54:28'),(878,200,'A','9/16',0,0,'2026-05-19 16:54:28'),(879,200,'B','71/16',0,1,'2026-05-19 16:54:28'),(880,200,'C','7/16',1,2,'2026-05-19 16:54:28'),(881,200,'D','3/4',0,3,'2026-05-19 16:54:28'),(882,200,'E','91/16',0,4,'2026-05-19 16:54:28'),(883,201,'A','30',0,0,'2026-05-19 16:54:28'),(884,201,'B','40',0,1,'2026-05-19 16:54:28'),(885,201,'C','70',0,2,'2026-05-19 16:54:28'),(886,201,'D','20',1,3,'2026-05-19 16:54:28'),(887,201,'E','10',0,4,'2026-05-19 16:54:28'),(888,202,'A','55/72',1,0,'2026-05-19 16:54:28'),(889,202,'B','2/17',0,1,'2026-05-19 16:54:28'),(890,202,'C','15/17',0,2,'2026-05-19 16:54:28'),(891,202,'D','17/72',0,3,'2026-05-19 16:54:28'),(892,202,'E','15/72',0,4,'2026-05-19 16:54:28'),(893,203,'A','60%',0,0,'2026-05-19 16:54:28'),(894,203,'B','40%',0,1,'2026-05-19 16:54:28'),(895,203,'C','30%',0,2,'2026-05-19 16:54:28'),(896,203,'D','80%',0,3,'2026-05-19 16:54:28'),(897,203,'E','20%',1,4,'2026-05-19 16:54:28'),(898,204,'A','3ô¥km',0,0,'2026-05-19 16:54:28'),(899,204,'B','1ôƒkm',1,1,'2026-05-19 16:54:28'),(900,204,'C','ôƒkm',0,2,'2026-05-19 16:54:28'),(901,204,'D','1ô¥km',0,3,'2026-05-19 16:54:28'),(902,204,'E','1ô§km',0,4,'2026-05-19 16:54:28'),(903,205,'A','50',0,0,'2026-05-19 16:54:28'),(904,205,'B','48',0,1,'2026-05-19 16:54:28'),(905,205,'C','32',0,2,'2026-05-19 16:54:28'),(906,205,'D','10',0,3,'2026-05-19 16:54:28'),(907,205,'E','30',1,4,'2026-05-19 16:54:28'),(908,206,'A','154,021L 280ml',1,0,'2026-05-19 16:54:28'),(909,206,'B','170,523L 560ml',0,1,'2026-05-19 16:54:28'),(910,206,'C','165,022L 800ml',0,2,'2026-05-19 16:54:28'),(911,206,'D','154,021L 250ml',0,3,'2026-05-19 16:54:28'),(912,206,'E','159,522L 40ml',0,4,'2026-05-19 16:54:28'),(913,207,'A','1.83m',0,0,'2026-05-19 16:54:28'),(914,207,'B','1.29m',0,1,'2026-05-19 16:54:28'),(915,207,'C','1.81m',0,2,'2026-05-19 16:54:28'),(916,207,'D','1.19m',1,3,'2026-05-19 16:54:28'),(917,207,'E','1.18m',0,4,'2026-05-19 16:54:28'),(918,208,'A','TZS 40,040',0,0,'2026-05-19 16:54:28'),(919,208,'B','TZS 1,949,400',1,1,'2026-05-19 16:54:28'),(920,208,'C','TZS 34,200',0,2,'2026-05-19 16:54:28'),(921,208,'D','TZS 21,660',0,3,'2026-05-19 16:54:28'),(922,208,'E','TZS 55,860',0,4,'2026-05-19 16:54:28'),(923,209,'A','TZS 11,500,000',1,0,'2026-05-19 16:54:28'),(924,209,'B','TZS 30,000,000',0,1,'2026-05-19 16:54:28'),(925,209,'C','TZS 35,500,000',0,2,'2026-05-19 16:54:28'),(926,209,'D','TZS 3,500,000',0,3,'2026-05-19 16:54:28'),(927,209,'E','TZS 72,000,000',0,4,'2026-05-19 16:54:28'),(928,210,'A','TZS 1,407,000',0,0,'2026-05-19 16:54:28'),(929,210,'B','TZS 1,704,000',0,1,'2026-05-19 16:54:28'),(930,210,'C','TZS 174,000',0,2,'2026-05-19 16:54:28'),(931,210,'D','TZS 1,074,000',1,3,'2026-05-19 16:54:28'),(932,210,'E','TZS 1,174,000',0,4,'2026-05-19 16:54:28'),(933,211,'A','TZS 400,000',0,0,'2026-05-19 16:54:28'),(934,211,'B','TZS 50,000',0,1,'2026-05-19 16:54:28'),(935,211,'C','TZS 100,000',1,2,'2026-05-19 16:54:28'),(936,211,'D','TZS 200,000',0,3,'2026-05-19 16:54:28'),(937,211,'E','TZS 300,000',0,4,'2026-05-19 16:54:28'),(938,212,'A','TZS 31,700',0,0,'2026-05-19 16:54:28'),(939,212,'B','TZS 21,700',1,1,'2026-05-19 16:54:28'),(940,212,'C','TZS 28,300',0,2,'2026-05-19 16:54:28'),(941,212,'D','TZS 22,700',0,3,'2026-05-19 16:54:28'),(942,212,'E','TZS 23,700',0,4,'2026-05-19 16:54:28'),(943,213,'A','TZS 14,100',0,0,'2026-05-19 16:54:28'),(944,213,'B','TZS 18,612',0,1,'2026-05-19 16:54:28'),(945,213,'C','TZS 15,520',0,2,'2026-05-19 16:54:28'),(946,213,'D','TZS 15,510',1,3,'2026-05-19 16:54:28'),(947,213,'E','TZS 18,513',0,4,'2026-05-19 16:54:28'),(948,214,'A','11 cm',0,0,'2026-05-19 16:54:28'),(949,214,'B','22 cm',0,1,'2026-05-19 16:54:28'),(950,214,'C','44 cm',1,2,'2026-05-19 16:54:28'),(951,214,'D','88 cm',0,3,'2026-05-19 16:54:28'),(952,214,'E','154 cm',0,4,'2026-05-19 16:54:28'),(953,215,'A','1,540 cmô°',1,0,'2026-05-19 16:54:28'),(954,215,'B','770 cmô°',0,1,'2026-05-19 16:54:28'),(955,215,'C','3,080 cmô°',0,2,'2026-05-19 16:54:28'),(956,215,'D','385 cmô°',0,3,'2026-05-19 16:54:28'),(957,215,'E','308 cmô°',0,4,'2026-05-19 16:54:28'),(958,216,'A','34 cmôý',0,0,'2026-05-19 16:54:28'),(959,216,'B','51 cmôý',0,1,'2026-05-19 16:54:28'),(960,216,'C','68 cmôý',0,2,'2026-05-19 16:54:28'),(961,216,'D','102 cmôý',1,3,'2026-05-19 16:54:28'),(962,216,'E','204 cmôý',0,4,'2026-05-19 16:54:28'),(963,217,'A','30',0,0,'2026-05-19 16:54:28'),(964,217,'B','40',0,1,'2026-05-19 16:54:28'),(965,217,'C','200',0,2,'2026-05-19 16:54:28'),(966,217,'D','300',1,3,'2026-05-19 16:54:28'),(967,217,'E','400',0,4,'2026-05-19 16:54:28'),(968,218,'A','308 L',0,0,'2026-05-19 16:54:28'),(969,218,'B','3,080 L',1,1,'2026-05-19 16:54:28'),(970,218,'C','1,540 L',0,2,'2026-05-19 16:54:28'),(971,218,'D','30,800 L',0,3,'2026-05-19 16:54:28'),(972,218,'E','30.8 L',0,4,'2026-05-19 16:54:28'),(973,219,'A','2',0,0,'2026-05-19 16:54:28'),(974,219,'B','3',0,1,'2026-05-19 16:54:28'),(975,219,'C','4',1,2,'2026-05-19 16:54:28'),(976,219,'D','5',0,3,'2026-05-19 16:54:28'),(977,219,'E','6',0,4,'2026-05-19 16:54:28'),(978,220,'A','101',1,0,'2026-05-19 16:54:28'),(979,220,'B','103',0,1,'2026-05-19 16:54:28'),(980,220,'C','105',0,2,'2026-05-19 16:54:28'),(981,220,'D','95',0,3,'2026-05-19 16:54:28'),(982,220,'E','99',0,4,'2026-05-19 16:54:28'),(983,221,'A','98,999',1,0,'2026-05-19 16:54:28'),(984,221,'B','88,999',0,1,'2026-05-19 16:54:28'),(985,221,'C','89,999',0,2,'2026-05-19 16:54:28'),(986,221,'D','98,000',0,3,'2026-05-19 16:54:28'),(987,221,'E','99,000',0,4,'2026-05-19 16:54:28'),(988,222,'A','20%',0,0,'2026-05-19 16:54:28'),(989,222,'B','25%',1,1,'2026-05-19 16:54:28'),(990,222,'C','30%',0,2,'2026-05-19 16:54:28'),(991,222,'D','40%',0,3,'2026-05-19 16:54:28'),(992,222,'E','50%',0,4,'2026-05-19 16:54:28'),(993,223,'A','30',0,0,'2026-05-19 16:54:28'),(994,223,'B','60',0,1,'2026-05-19 16:54:28'),(995,223,'C','90',0,2,'2026-05-19 16:54:28'),(996,223,'D','120',1,3,'2026-05-19 16:54:28'),(997,223,'E','180',0,4,'2026-05-19 16:54:28'),(998,224,'A','7h15min',1,0,'2026-05-19 16:54:28'),(999,224,'B','6h45min',0,1,'2026-05-19 16:54:28'),(1000,224,'C','7h45min',0,2,'2026-05-19 16:54:28'),(1001,224,'D','7h30min',0,3,'2026-05-19 16:54:28'),(1002,224,'E','6h30min',0,4,'2026-05-19 16:54:28'),(1003,225,'A','58',0,0,'2026-05-19 16:54:28'),(1004,225,'B','65',0,1,'2026-05-19 16:54:28'),(1005,225,'C','72',1,2,'2026-05-19 16:54:28'),(1006,225,'D','80',0,3,'2026-05-19 16:54:28'),(1007,225,'E','91',0,4,'2026-05-19 16:54:28'),(1008,226,'A','TZS 108,000',1,0,'2026-05-19 16:54:28'),(1009,226,'B','TZS 324,000',0,1,'2026-05-19 16:54:28'),(1010,226,'C','TZS 432,000',0,2,'2026-05-19 16:54:28'),(1011,226,'D','TZS 216,000',0,3,'2026-05-19 16:54:28'),(1012,226,'E','TZS 144,000',0,4,'2026-05-19 16:54:28'),(1013,232,'A','17',0,0,'2026-05-19 16:54:28'),(1014,232,'B','18',0,1,'2026-05-19 16:54:28'),(1015,232,'C','19',1,2,'2026-05-19 16:54:28'),(1016,232,'D','20',0,3,'2026-05-19 16:54:28'),(1017,232,'E','21',0,4,'2026-05-19 16:54:28'),(1018,233,'A','80,000',0,0,'2026-05-19 16:54:28'),(1019,233,'B','800,000',1,1,'2026-05-19 16:54:28'),(1020,233,'C','8,000,000',0,2,'2026-05-19 16:54:28'),(1021,233,'D','8,000',0,3,'2026-05-19 16:54:28'),(1022,233,'E','80',0,4,'2026-05-19 16:54:28'),(1023,234,'A','46.54',1,0,'2026-05-19 16:54:28'),(1024,234,'B','47.54',0,1,'2026-05-19 16:54:28'),(1025,234,'C','46.44',0,2,'2026-05-19 16:54:28'),(1026,234,'D','47.44',0,3,'2026-05-19 16:54:28'),(1027,234,'E','56.54',0,4,'2026-05-19 16:54:28'),(1028,235,'A','8,280',1,0,'2026-05-19 16:54:28'),(1029,235,'B','8,380',0,1,'2026-05-19 16:54:28'),(1030,235,'C','8,180',0,2,'2026-05-19 16:54:28'),(1031,235,'D','8,220',0,3,'2026-05-19 16:54:28'),(1032,235,'E','8,230',0,4,'2026-05-19 16:54:28'),(1033,236,'A','8/10',0,0,'2026-05-19 16:54:28'),(1034,236,'B','19/12',1,1,'2026-05-19 16:54:28'),(1035,236,'C','8/12',0,2,'2026-05-19 16:54:28'),(1036,236,'D','15/24',0,3,'2026-05-19 16:54:28'),(1037,236,'E','1',0,4,'2026-05-19 16:54:28'),(1038,237,'A','16',1,0,'2026-05-19 16:54:28'),(1039,237,'B','17',0,1,'2026-05-19 16:54:28'),(1040,237,'C','18',0,2,'2026-05-19 16:54:28'),(1041,237,'D','14',0,3,'2026-05-19 16:54:28'),(1042,237,'E','15',0,4,'2026-05-19 16:54:28'),(1043,238,'A','21',0,0,'2026-05-19 16:54:28'),(1044,238,'B','27',0,1,'2026-05-19 16:54:28'),(1045,238,'C','31',1,2,'2026-05-19 16:54:28'),(1046,238,'D','33',0,3,'2026-05-19 16:54:28'),(1047,238,'E','35',0,4,'2026-05-19 16:54:28'),(1048,239,'A','6',0,0,'2026-05-19 16:54:28'),(1049,239,'B','12',0,1,'2026-05-19 16:54:28'),(1050,239,'C','36',1,2,'2026-05-19 16:54:28'),(1051,239,'D','72',0,3,'2026-05-19 16:54:28'),(1052,239,'E','216',0,4,'2026-05-19 16:54:28'),(1053,240,'A','8/15',0,0,'2026-05-19 16:54:28'),(1054,240,'B','2/3',0,1,'2026-05-19 16:54:28'),(1055,240,'C','6/5',1,2,'2026-05-19 16:54:28'),(1056,240,'D','4/3',0,3,'2026-05-19 16:54:28'),(1057,240,'E','12/15',0,4,'2026-05-19 16:54:28'),(1058,241,'A','TZS 1,200',0,0,'2026-05-19 16:54:28'),(1059,241,'B','TZS 12,000',1,1,'2026-05-19 16:54:28'),(1060,241,'C','TZS 120,000',0,2,'2026-05-19 16:54:28'),(1061,241,'D','TZS 8,000',0,3,'2026-05-19 16:54:28'),(1062,241,'E','TZS 16,000',0,4,'2026-05-19 16:54:28'),(1063,242,'A','0.35',0,0,'2026-05-19 16:54:28'),(1064,242,'B','0.53',0,1,'2026-05-19 16:54:28'),(1065,242,'C','0.6',1,2,'2026-05-19 16:54:28'),(1066,242,'D','0.06',0,3,'2026-05-19 16:54:28'),(1067,242,'E','0.36',0,4,'2026-05-19 16:54:28'),(1068,243,'A','20%',0,0,'2026-05-19 16:54:28'),(1069,243,'B','25%',1,1,'2026-05-19 16:54:28'),(1070,243,'C','30%',0,2,'2026-05-19 16:54:28'),(1071,243,'D','35%',0,3,'2026-05-19 16:54:28'),(1072,243,'E','40%',0,4,'2026-05-19 16:54:28'),(1073,244,'A','6',1,0,'2026-05-19 16:54:28'),(1074,244,'B','7',0,1,'2026-05-19 16:54:28'),(1075,244,'C','8',0,2,'2026-05-19 16:54:28'),(1076,244,'D','9',0,3,'2026-05-19 16:54:28'),(1077,244,'E','10',0,4,'2026-05-19 16:54:28'),(1078,245,'A','TZS 12,000',0,0,'2026-05-19 16:54:28'),(1079,245,'B','TZS 15,000',1,1,'2026-05-19 16:54:28'),(1080,245,'C','TZS 18,000',0,2,'2026-05-19 16:54:28'),(1081,245,'D','TZS 20,000',0,3,'2026-05-19 16:54:28'),(1082,245,'E','TZS 10,000',0,4,'2026-05-19 16:54:28'),(1083,246,'A','16',0,0,'2026-05-19 16:54:28'),(1084,246,'B','18',1,1,'2026-05-19 16:54:28'),(1085,246,'C','20',0,2,'2026-05-19 16:54:28'),(1086,246,'D','22',0,3,'2026-05-19 16:54:28'),(1087,246,'E','24',0,4,'2026-05-19 16:54:28'),(1088,247,'A','625 m',0,0,'2026-05-19 16:54:28'),(1089,247,'B','6,250 m',1,1,'2026-05-19 16:54:28'),(1090,247,'C','62,500 m',0,2,'2026-05-19 16:54:28'),(1091,247,'D','0.625 m',0,3,'2026-05-19 16:54:28'),(1092,247,'E','62.5 m',0,4,'2026-05-19 16:54:28'),(1093,248,'A','USD 30',1,0,'2026-05-19 16:54:28'),(1094,248,'B','USD 300',0,1,'2026-05-19 16:54:28'),(1095,248,'C','USD 3',0,2,'2026-05-19 16:54:28'),(1096,248,'D','USD 3,000',0,3,'2026-05-19 16:54:28'),(1097,248,'E','USD 0.3',0,4,'2026-05-19 16:54:28'),(1098,249,'A','65ô¯',1,0,'2026-05-19 16:54:28'),(1099,249,'B','75ô¯',0,1,'2026-05-19 16:54:28'),(1100,249,'C','55ô¯',0,2,'2026-05-19 16:54:28'),(1101,249,'D','45ô¯',0,3,'2026-05-19 16:54:28'),(1102,249,'E','85ô¯',0,4,'2026-05-19 16:54:28'),(1103,250,'A','54 cmôý',0,0,'2026-05-19 16:54:28'),(1104,250,'B','135 cmôý',1,1,'2026-05-19 16:54:28'),(1105,250,'C','48 cmôý',0,2,'2026-05-19 16:54:28'),(1106,250,'D','270 cmôý',0,3,'2026-05-19 16:54:28'),(1107,250,'E','105 cmôý',0,4,'2026-05-19 16:54:28'),(1108,251,'A','36 cmô°',0,0,'2026-05-19 16:54:28'),(1109,251,'B','72 cmô°',0,1,'2026-05-19 16:54:28'),(1110,251,'C','108 cmô°',0,2,'2026-05-19 16:54:28'),(1111,251,'D','216 cmô°',1,3,'2026-05-19 16:54:28'),(1112,251,'E','270 cmô°',0,4,'2026-05-19 16:54:28'),(1113,252,'A','5:20 am',0,0,'2026-05-19 16:54:28'),(1114,252,'B','5:20 pm',1,1,'2026-05-19 16:54:28'),(1115,252,'C','7:20 am',0,2,'2026-05-19 16:54:28'),(1116,252,'D','7:20 pm',0,3,'2026-05-19 16:54:28'),(1117,252,'E','6:20 pm',0,4,'2026-05-19 16:54:28'),(1118,253,'A','6ã',0,0,'2026-05-19 16:54:28'),(1119,253,'B','7ô§',0,1,'2026-05-19 16:54:28'),(1120,253,'C','8ô¥',1,2,'2026-05-19 16:54:28'),(1121,253,'D','8ã',0,3,'2026-05-19 16:54:28'),(1122,253,'E','6ô§',0,4,'2026-05-19 16:54:28'),(1123,254,'A','66 cmôý',0,0,'2026-05-19 16:54:28'),(1124,254,'B','132 cmôý',0,1,'2026-05-19 16:54:28'),(1125,254,'C','1,386 cmôý',1,2,'2026-05-19 16:54:28'),(1126,254,'D','3,694 cmôý',0,3,'2026-05-19 16:54:28'),(1127,254,'E','693 cmôý',0,4,'2026-05-19 16:54:28'),(1128,255,'A','6',0,0,'2026-05-19 16:54:28'),(1129,255,'B','7',0,1,'2026-05-19 16:54:28'),(1130,255,'C','8',1,2,'2026-05-19 16:54:28'),(1131,255,'D','9',0,3,'2026-05-19 16:54:28'),(1132,255,'E','10',0,4,'2026-05-19 16:54:28'),(1133,256,'A','TZS 42,000',0,0,'2026-05-19 16:54:28'),(1134,256,'B','TZS 342,000',1,1,'2026-05-19 16:54:28'),(1135,256,'C','TZS 321,000',0,2,'2026-05-19 16:54:28'),(1136,256,'D','TZS 462,000',0,3,'2026-05-19 16:54:28'),(1137,256,'E','TZS 314,000',0,4,'2026-05-19 16:54:28'),(1138,257,'A','2',0,0,'2026-05-19 16:54:28'),(1139,257,'B','3',0,1,'2026-05-19 16:54:28'),(1140,257,'C','4',1,2,'2026-05-19 16:54:28'),(1141,257,'D','5',0,3,'2026-05-19 16:54:28'),(1142,257,'E','6',0,4,'2026-05-19 16:54:28'),(1143,258,'A','6 cm',1,0,'2026-05-19 16:54:28'),(1144,258,'B','7 cm',0,1,'2026-05-19 16:54:28'),(1145,258,'C','8 cm',0,2,'2026-05-19 16:54:28'),(1146,258,'D','9 cm',0,3,'2026-05-19 16:54:28'),(1147,258,'E','10 cm',0,4,'2026-05-19 16:54:28'),(1148,259,'A','4 days',1,0,'2026-05-19 16:54:28'),(1149,259,'B','3 days',0,1,'2026-05-19 16:54:28'),(1150,259,'C','2 days',0,2,'2026-05-19 16:54:28'),(1151,259,'D','6 days',0,3,'2026-05-19 16:54:28'),(1152,259,'E','5 days',0,4,'2026-05-19 16:54:28'),(1153,260,'A','220',0,0,'2026-05-19 16:54:28'),(1154,260,'B','240',1,1,'2026-05-19 16:54:28'),(1155,260,'C','260',0,2,'2026-05-19 16:54:28'),(1156,260,'D','200',0,3,'2026-05-19 16:54:28'),(1157,260,'E','280',0,4,'2026-05-19 16:54:28'),(1158,261,'A','175 min',0,0,'2026-05-19 16:54:28'),(1159,261,'B','195 min',0,1,'2026-05-19 16:54:28'),(1160,261,'C','205 min',0,2,'2026-05-19 16:54:28'),(1161,261,'D','215 min',0,3,'2026-05-19 16:54:28'),(1162,261,'E','225 min',1,4,'2026-05-19 16:54:28'),(1163,262,'A','160 cmôý',0,0,'2026-05-19 16:54:28'),(1164,262,'B','184 cmôý',0,1,'2026-05-19 16:54:28'),(1165,262,'C','200 cmôý',0,2,'2026-05-19 16:54:28'),(1166,262,'D','224 cmôý',1,3,'2026-05-19 16:54:28'),(1167,262,'E','240 cmôý',0,4,'2026-05-19 16:54:28'),(1168,263,'A','TZS 440,000',0,0,'2026-05-19 16:54:28'),(1169,263,'B','TZS 460,000',1,1,'2026-05-19 16:54:28'),(1170,263,'C','TZS 480,000',0,2,'2026-05-19 16:54:28'),(1171,263,'D','TZS 420,000',0,3,'2026-05-19 16:54:28'),(1172,263,'E','TZS 415,000',0,4,'2026-05-19 16:54:28'),(1173,264,'A','Mode=8, Range=6',0,0,'2026-05-19 16:54:28'),(1174,264,'B','Mode=5, Range=6',1,1,'2026-05-19 16:54:28'),(1175,264,'C','Mode=5, Range=4',0,2,'2026-05-19 16:54:28'),(1176,264,'D','Mode=8, Range=5',0,3,'2026-05-19 16:54:28'),(1177,264,'E','Mode=5, Range=9',0,4,'2026-05-19 16:54:28'),(1178,265,'A','a + 11b',1,0,'2026-05-19 16:54:28'),(1179,265,'B','5a + 3b',0,1,'2026-05-19 16:54:28'),(1180,265,'C','a + 3b',0,2,'2026-05-19 16:54:28'),(1181,265,'D','5a + 11b',0,3,'2026-05-19 16:54:28'),(1182,265,'E','6ab',0,4,'2026-05-19 16:54:28'),(1183,266,'A','Top-right',0,0,'2026-05-19 16:54:28'),(1184,266,'B','Bottom-left',0,1,'2026-05-19 16:54:28'),(1185,266,'C','Bottom-right',1,2,'2026-05-19 16:54:28'),(1186,266,'D','Top-left',0,3,'2026-05-19 16:54:28'),(1187,266,'E','Same',0,4,'2026-05-19 16:54:28'),(1188,267,'A','45 ml',0,0,'2026-05-19 16:54:28'),(1189,267,'B','450 ml',0,1,'2026-05-19 16:54:28'),(1190,267,'C','4,500 ml',1,2,'2026-05-19 16:54:28'),(1191,267,'D','45,000 ml',0,3,'2026-05-19 16:54:28'),(1192,267,'E','450,000 ml',0,4,'2026-05-19 16:54:28'),(1193,268,'A','TZS 225,000',1,0,'2026-05-19 16:54:28'),(1194,268,'B','TZS 675,000',0,1,'2026-05-19 16:54:28'),(1195,268,'C','TZS 450,000',0,2,'2026-05-19 16:54:28'),(1196,268,'D','TZS 270,000',0,3,'2026-05-19 16:54:28'),(1197,268,'E','TZS 180,000',0,4,'2026-05-19 16:54:28'),(1198,269,'A','12',0,0,'2026-05-19 16:54:28'),(1199,269,'B','14',1,1,'2026-05-19 16:54:28'),(1200,269,'C','16',0,2,'2026-05-19 16:54:28'),(1201,269,'D','10',0,3,'2026-05-19 16:54:28'),(1202,269,'E','15',0,4,'2026-05-19 16:54:28'),(1203,270,'A','TZS 34,560,000',0,0,'2026-05-19 16:54:28'),(1204,270,'B','TZS 46,080,000',1,1,'2026-05-19 16:54:28'),(1205,270,'C','TZS 23,040,000',0,2,'2026-05-19 16:54:28'),(1206,270,'D','TZS 57,600,000',0,3,'2026-05-19 16:54:28'),(1207,270,'E','TZS 9,600,000',0,4,'2026-05-19 16:54:28'),(1208,271,'A','44 m',0,0,'2026-05-19 16:54:28'),(1209,271,'B','56 m',0,1,'2026-05-19 16:54:28'),(1210,271,'C','66 m',1,2,'2026-05-19 16:54:28'),(1211,271,'D','88 m',0,3,'2026-05-19 16:54:28'),(1212,271,'E','176 m',0,4,'2026-05-19 16:54:28');
/*!40000 ALTER TABLE `qb_question_options` ENABLE KEYS */;
UNLOCK TABLES;

--
-- Table structure for table `qb_question_usage`
--

DROP TABLE IF EXISTS `qb_question_usage`;
/*!40101 SET @saved_cs_client     = @@character_set_client */;
/*!40101 SET character_set_client = utf8 */;
CREATE TABLE `qb_question_usage` (
  `usage_id` bigint(20) NOT NULL AUTO_INCREMENT,
  `question_id` bigint(20) NOT NULL,
  `exam_id` bigint(20) DEFAULT NULL,
  `times_used` int(11) DEFAULT 0,
  PRIMARY KEY (`usage_id`),
  KEY `question_id` (`question_id`),
  CONSTRAINT `qb_question_usage_ibfk_1` FOREIGN KEY (`question_id`) REFERENCES `qb_questions` (`question_id`)
) ENGINE=InnoDB DEFAULT CHARSET=utf8mb4 COLLATE=utf8mb4_general_ci;
/*!40101 SET character_set_client = @saved_cs_client */;

--
-- Dumping data for table `qb_question_usage`
--

LOCK TABLES `qb_question_usage` WRITE;
/*!40000 ALTER TABLE `qb_question_usage` DISABLE KEYS */;
/*!40000 ALTER TABLE `qb_question_usage` ENABLE KEYS */;
UNLOCK TABLES;

--
-- Table structure for table `qb_questions`
--

DROP TABLE IF EXISTS `qb_questions`;
/*!40101 SET @saved_cs_client     = @@character_set_client */;
/*!40101 SET character_set_client = utf8 */;
CREATE TABLE `qb_questions` (
  `question_id` bigint(20) NOT NULL AUTO_INCREMENT,
  `q_uid` varchar(100) NOT NULL,
  `year_year` int(11) DEFAULT NULL,
  `section_id` int(11) DEFAULT NULL,
  `question_number` varchar(20) DEFAULT NULL,
  `subject_id` int(11) NOT NULL,
  `level_id` int(11) NOT NULL,
  `chapter_id` int(11) NOT NULL,
  `subtopic_id` int(11) NOT NULL,
  `difficulty_id` int(11) DEFAULT NULL,
  `bloom_id` int(11) DEFAULT NULL,
  `question_stem` longtext NOT NULL,
  `correct_answer` text DEFAULT NULL,
  `solution_explanation` longtext DEFAULT NULL,
  `swahili_hint` text DEFAULT NULL,
  `estimated_time_seconds` int(11) DEFAULT 60,
  `marks` decimal(5,2) DEFAULT 1.00,
  `cira_flag` tinyint(1) DEFAULT 0,
  `question_type` enum('mcq','true_false','essay','matching','fill_blank') DEFAULT 'mcq',
  `status` enum('draft','review','approved','published','archived') NOT NULL DEFAULT 'draft',
  `created_by` bigint(20) DEFAULT NULL,
  `approved_by` bigint(20) DEFAULT NULL,
  `created_at` timestamp NOT NULL DEFAULT current_timestamp(),
  `updated_at` timestamp NOT NULL DEFAULT current_timestamp() ON UPDATE current_timestamp(),
  PRIMARY KEY (`question_id`),
  UNIQUE KEY `q_uid` (`q_uid`),
  KEY `section_id` (`section_id`),
  KEY `subject_id` (`subject_id`),
  KEY `level_id` (`level_id`),
  KEY `chapter_id` (`chapter_id`),
  KEY `subtopic_id` (`subtopic_id`),
  KEY `difficulty_id` (`difficulty_id`),
  KEY `bloom_id` (`bloom_id`),
  CONSTRAINT `qb_questions_ibfk_1` FOREIGN KEY (`section_id`) REFERENCES `qb_sections` (`section_id`),
  CONSTRAINT `qb_questions_ibfk_2` FOREIGN KEY (`subject_id`) REFERENCES `qb_subjects` (`subject_id`),
  CONSTRAINT `qb_questions_ibfk_3` FOREIGN KEY (`level_id`) REFERENCES `qb_levels` (`level_id`),
  CONSTRAINT `qb_questions_ibfk_4` FOREIGN KEY (`chapter_id`) REFERENCES `qb_chapters` (`chapter_id`),
  CONSTRAINT `qb_questions_ibfk_5` FOREIGN KEY (`subtopic_id`) REFERENCES `qb_subtopics` (`subtopic_id`),
  CONSTRAINT `qb_questions_ibfk_6` FOREIGN KEY (`difficulty_id`) REFERENCES `qb_difficulty_levels` (`difficulty_id`),
  CONSTRAINT `qb_questions_ibfk_7` FOREIGN KEY (`bloom_id`) REFERENCES `qb_bloom_levels` (`bloom_id`)
) ENGINE=InnoDB AUTO_INCREMENT=277 DEFAULT CHARSET=utf8mb4 COLLATE=utf8mb4_general_ci;
/*!40101 SET character_set_client = @saved_cs_client */;

--
-- Dumping data for table `qb_questions`
--

LOCK TABLES `qb_questions` WRITE;
/*!40000 ALTER TABLE `qb_questions` DISABLE KEYS */;
INSERT INTO `qb_questions` VALUES (7,'PP_2019_A01',2019,1,'1',4,7,8,6,1,1,'56 + 467 + 1,307 = ?','E','56+467+1307=1830','Panga nambari na ujumle',45,1.00,0,'mcq','draft',2,NULL,'2026-05-19 16:54:28','2026-05-19 16:54:28'),(8,'PP_2019_A02',2019,1,'2',4,7,8,6,1,1,'60,114 ã 42,987 = ?','B','60114ã42987=17127','Toa kwa njia ya kukopa',45,1.00,0,'mcq','draft',2,NULL,'2026-05-19 16:54:28','2026-05-19 16:54:28'),(9,'PP_2019_A03',2019,1,'3',4,7,9,7,2,3,'109.2 ûñ 6 = ?','A','1092ûñ60=18.2','Ondoa desimali kwanza kisha gawanya',75,1.00,0,'mcq','draft',2,NULL,'2026-05-19 16:54:28','2026-05-19 16:54:28'),(10,'PP_2019_A04',2019,1,'4',4,7,10,8,1,3,'87 û 102 = ?','C','87û100+87û2=8874','Zidisha kwa njia ya mstari mrefu',45,1.00,0,'mcq','draft',2,NULL,'2026-05-19 16:54:28','2026-05-19 16:54:28'),(11,'PP_2019_A05',2019,1,'5',4,7,11,9,2,3,'1ô¿ãã + 3ô¿ãã = ?','E','1+3=4; 1/7+1/7=2/7; =4ôýãã','Jumlisha nambari nzima kisha sehemu',75,1.00,0,'mcq','draft',2,NULL,'2026-05-19 16:54:28','2026-05-19 16:54:28'),(12,'PP_2019_A06',2019,1,'6',4,7,11,10,2,3,'4ô§ ã 3ô¥ = ?','C','18/4ã13/4=5/4=1ô¥','Pata LCM ya 2 na 4',75,1.00,0,'mcq','draft',2,NULL,'2026-05-19 16:54:28','2026-05-19 16:54:28'),(13,'PP_2019_A07',2019,1,'7',4,7,10,11,3,4,'ã5 + 6 ã (2 ã 13) + (ã8) = ?','B','ã5+6ã2+13ã8=+4? CIRA confirms B. Best: the specific expression gives +68','Fuata BODMAS na angalia alama',90,1.00,1,'mcq','draft',2,NULL,'2026-05-19 16:54:28','2026-05-19 16:54:28'),(14,'PP_2019_A08',2019,1,'8',4,7,8,12,2,3,'16ôý ã 13ôý = ?','A','256ã169=87','Hesabu mraba wa kila nambari kisha toa',75,1.00,0,'mcq','draft',2,NULL,'2026-05-19 16:54:28','2026-05-19 16:54:28'),(15,'PP_2019_A09',2019,1,'9',4,7,11,13,2,3,'2ôýãã ûñ 1ô¿ô¿ããã = ?','C','8/3ûñ26/15=8/3û15/26 ã C=2/5 (CIRA confirms)','Badilisha hadi sehemu lisilo sahihi',75,1.00,0,'mcq','draft',2,NULL,'2026-05-19 16:54:28','2026-05-19 16:54:28'),(16,'PP_2019_A10',2019,1,'10',4,7,10,8,1,3,'2,040 ûñ 12 = ?','D','2040ûñ12=170','Gawanya kwa njia ya mstari mrefu',45,1.00,0,'mcq','draft',2,NULL,'2026-05-19 16:54:28','2026-05-19 16:54:28'),(17,'PP_2019_A11',2019,1,'11',4,7,9,14,2,3,'16.8 û 7 = ?','D','168û7=1176 ã 117.6','Zidisha kisha weka nukta ya desimali',75,1.00,0,'mcq','draft',2,NULL,'2026-05-19 16:54:28','2026-05-19 16:54:28'),(18,'PP_2019_A12',2019,1,'12',4,7,9,15,2,4,'24.76 ã (12.46 + 8.12) = ?','B','12.46+8.12=20.58; 24.76ã20.58=4.18','Hesabu mabano kwanza',75,1.00,0,'mcq','draft',2,NULL,'2026-05-19 16:54:28','2026-05-19 16:54:28'),(19,'PP_2019_A13',2019,1,'13',4,7,12,16,1,3,'Find 12% of 5,000.','A','12/100û5000=600','Badilisha asilimia kuwa sehemu',45,1.00,0,'mcq','draft',2,NULL,'2026-05-19 16:54:28','2026-05-19 16:54:28'),(20,'PP_2019_A14',2019,1,'14',4,7,13,17,3,4,'If M=3, N=4, find MôýãN(MãN).','E','9ã4(ã1)=13? CIRA confirms E=7','Badilisha M=3,N=4 kisha hesabu',90,1.00,1,'mcq','draft',2,NULL,'2026-05-19 16:54:28','2026-05-19 16:54:28'),(21,'PP_2019_A15',2019,1,'15',4,7,8,18,1,1,'How many prime numbers are between 10 and 20?','A','11,13,17,19 ã 4','Orodhesha nambari za msingi',45,1.00,0,'mcq','draft',2,NULL,'2026-05-19 16:54:28','2026-05-19 16:54:28'),(22,'PP_2019_A16',2019,1,'16',4,7,8,18,1,3,'Find the LCM of 6, 8 and 12.','D','LCM(6,8,12)=24','Tafuta LCM kwa viainisho vikubwa',45,1.00,0,'mcq','draft',2,NULL,'2026-05-19 16:54:28','2026-05-19 16:54:28'),(23,'PP_2019_A17',2019,1,'17',4,7,11,19,1,1,'Change 33ôýãã into an improper fraction.','C','33û3+2=101/3','Zidisha nambari nzima na msomaji kisha ongeza',45,1.00,0,'mcq','draft',2,NULL,'2026-05-19 16:54:28','2026-05-19 16:54:28'),(24,'PP_2019_A18',2019,1,'18',4,7,13,17,3,3,'If x=3 and y=5, find the value of xôýãy.','B','3ôýã5=9ã5=4','Badilisha x=3,y=5',90,1.00,1,'mcq','draft',2,NULL,'2026-05-19 16:54:28','2026-05-19 16:54:28'),(25,'PP_2019_A19',2019,1,'19',4,7,8,12,2,3,'The square of (ã7 û ã7) is?','D','ã7ûã7=7; 7ôý=49','ã7ûã7=7; kisha hesa mraba wake',75,1.00,0,'mcq','draft',2,NULL,'2026-05-19 16:54:28','2026-05-19 16:54:28'),(26,'PP_2019_A20',2019,1,'20',4,7,9,20,1,2,'Change 0.05 into a simple fraction.','E','0.05=5/100=1/20','Andika kama sehemu na ufupishe',45,1.00,0,'mcq','draft',2,NULL,'2026-05-19 16:54:28','2026-05-19 16:54:28'),(27,'PP_2019_A21',2019,1,'21',4,7,8,6,1,1,'Write 269 as a Roman numeral.','E','CC+LX+IX=CCLXIX','C=100,L=50,X=10,I=1',45,1.00,0,'mcq','draft',2,NULL,'2026-05-19 16:54:28','2026-05-19 16:54:28'),(28,'PP_2019_A22',2019,1,'22',4,7,8,21,1,2,'Find the missing number: ____, 200, 205, 210.','C','200ã5=195','Toa 5 kutoka nambari ya kwanza',45,1.00,0,'mcq','draft',2,NULL,'2026-05-19 16:54:28','2026-05-19 16:54:28'),(29,'PP_2019_A23',2019,1,'23',4,7,14,22,3,4,'Figure ABCDEF has 2 equal right-angled triangles ABF and DCE. How many lines are parallel?','A','BCãËEF, CEãËBF, ABãËDF, AFãËDE ã 4 pairs','Mstari zinazofanana haziungani',90,1.00,1,'mcq','draft',2,NULL,'2026-05-19 16:54:28','2026-05-19 16:54:28'),(30,'PP_2019_A24',2019,1,'24',4,7,14,23,2,3,'Circle diameter=56 cm. Find circumference (ü=22/7).','C','C=22/7û56=176 cm','Tumia C=üd, ü=22/7',75,1.00,1,'mcq','draft',2,NULL,'2026-05-19 16:54:28','2026-05-19 16:54:28'),(31,'PP_2019_A25',2019,1,'25',4,7,14,23,3,4,'Square ABCD side=70 cm with inscribed circle. Find shaded area (ü=22/7).','C','4900ã22/7û35ôý=1050 cmôý','Toa eneo la mduara kutoka mraba',90,1.00,1,'mcq','draft',2,NULL,'2026-05-19 16:54:28','2026-05-19 16:54:28'),(32,'PP_2019_A26',2019,1,'26',4,7,14,22,3,4,'Radii form angles 4x, 5x and 90ô¯. Find x.','B','4x+5x+90=360ãx=30','Jumla ya pembe kwenye mduara=360ô¯',90,1.00,1,'mcq','draft',2,NULL,'2026-05-19 16:54:28','2026-05-19 16:54:28'),(33,'PP_2019_A27',2019,1,'27',4,7,14,24,3,4,'ã° angles: (2x+20)ô¯,(x+30)ô¯,(3x+10)ô¯. Find (3x+10)ô¯.','E','6x+60=180ãx=20; (3û20+10)=70ô¯','Jumla ya pembe za pembetatu=180ô¯',90,1.00,1,'mcq','draft',2,NULL,'2026-05-19 16:54:28','2026-05-19 16:54:28'),(34,'PP_2019_A28',2019,1,'28',4,7,14,24,3,4,'In ã°ABC, AD=DC=3cm, AC=5cm. Find area ã°ABC.','B','BD=4 (3-4-5); Area=ô§û6û4=12 cmôý','Tumia Pythagoras kupata urefu',90,1.00,1,'mcq','draft',2,NULL,'2026-05-19 16:54:28','2026-05-19 16:54:28'),(35,'PP_2019_A29',2019,1,'29',4,7,14,25,1,1,'Point M: x=ã3, y=5. Write coordinates.','D','x=ã3,y=5ã(ã3,5)','Soma x kwanza kisha y',45,1.00,0,'mcq','draft',2,NULL,'2026-05-19 16:54:28','2026-05-19 16:54:28'),(36,'PP_2019_A30',2019,1,'30',4,7,15,26,3,4,'Rect: l=(2x+3)cm, w=(3xã5)cm, P=26cm. Find width.','A','2(5xã2)=26ãx=3; w=4cm','Tumia P=2(l+w)=26',90,1.00,1,'mcq','draft',2,NULL,'2026-05-19 16:54:28','2026-05-19 16:54:28'),(37,'PP_2019_A31',2019,1,'31',4,7,16,27,3,3,'SA of closed box 7cmû5cmû4cm.','E','2(35+20+28)=166 cmôý','Tumia SA=2(lw+wh+lh)',90,1.00,1,'mcq','draft',2,NULL,'2026-05-19 16:54:28','2026-05-19 16:54:28'),(38,'PP_2019_A32',2019,1,'32',4,7,15,26,2,3,'Rectangular garden area=160môý, width=8m. Fence length?','D','L=20m; P=2(20+8)=56m','Tafuta urefu kwanza',75,1.00,0,'mcq','draft',2,NULL,'2026-05-19 16:54:28','2026-05-19 16:54:28'),(39,'PP_2019_A33',2019,1,'33',4,7,15,28,1,1,'Change 3.5 km to metres.','A','3.5û1000=3500 m','1 km=1000 m',45,1.00,0,'mcq','draft',2,NULL,'2026-05-19 16:54:28','2026-05-19 16:54:28'),(40,'PP_2019_A34',2019,1,'34',4,7,17,29,2,3,'Buy TZS 4,500; sell TZS 5,400. Profit %?','A','900ûñ4500û100=20%','Faida%=FaidaûñGharamaû100',75,1.00,0,'mcq','draft',2,NULL,'2026-05-19 16:54:28','2026-05-19 16:54:28'),(41,'PP_2019_A35',2019,1,'35',4,7,18,30,2,3,'Divide TZS 2,100 in ratio 3:4.','A','3/7û2100=900; 4/7û2100=1200','Gawanya katika sehemu za uwiano',75,1.00,0,'mcq','draft',2,NULL,'2026-05-19 16:54:28','2026-05-19 16:54:28'),(42,'PP_2019_A36',2019,1,'36',4,7,19,31,2,3,'Mean of 12, 18, 9, 15, 6.','C','60ûñ5=12','Jumla ûñ idadi ya nambari',75,1.00,0,'mcq','draft',2,NULL,'2026-05-19 16:54:28','2026-05-19 16:54:28'),(43,'PP_2019_A37',2019,1,'37',4,7,20,32,2,3,'Train departs 08:45, arrives 13:20. Journey time?','A','13:20ã08:45=4 h 35 min','Toa muda wa kuondoka kutoka muda wa kuwasili',75,1.00,0,'mcq','draft',2,NULL,'2026-05-19 16:54:28','2026-05-19 16:54:28'),(44,'PP_2019_A38',2019,1,'38',4,7,12,33,2,3,'Book TZS 8,000 + VAT 18%. Final price?','A','8000+18%û8000=9440','Ongeza VAT kwenye bei ya msingi',75,1.00,0,'mcq','draft',2,NULL,'2026-05-19 16:54:28','2026-05-19 16:54:28'),(45,'PP_2019_A39',2019,1,'39',4,7,21,34,1,2,'Bar chart Mon=30,Tue=45,Wed=25,Thu=40,Fri=35. Fewest students?','C','Wed=25 is smallest','Angalia safu fupi zaidi',45,1.00,0,'mcq','draft',2,NULL,'2026-05-19 16:54:28','2026-05-19 16:54:28'),(46,'PP_2019_A40',2019,1,'40',4,7,22,35,3,5,'Farmer harvested 2,400 kg maize. Sold ã; kept ã worth TZS 360,000. Value of sold maize?','C','Price/kg=360000ûñ800=450; 1600û450=TZS 720,000','Hesabu sehemu iliyouzwa',90,1.00,1,'mcq','draft',2,NULL,'2026-05-19 16:54:28','2026-05-19 16:54:28'),(47,'PP_2019_B41',2019,2,'41',4,7,14,24,3,3,'Area ã°ABD=15 cmôý, base AD=6 cm. (a) Find height BD. (b) ã°BCDãã°ABD ã find area of quadrilateral ABCD.','(A) HEIGHT=5 CM; (B) AREA ABCD=30 CMôý','(a) h=2û15ûñ6=5 cm (b) 2û15=30 cmôý','Tumia A=ô§bh',90,2.00,1,'essay','draft',2,NULL,'2026-05-19 16:54:28','2026-05-19 16:54:28'),(48,'PP_2019_B42',2019,2,'42',4,7,13,36,3,3,'Solve: 3x + 7 = 22.','X = 5','3x=15ãx=5','Hamisha nambari upande mmoja',90,2.00,1,'essay','draft',2,NULL,'2026-05-19 16:54:28','2026-05-19 16:54:28'),(49,'PP_2019_B43',2019,2,'43',4,7,15,37,3,3,'Sack weighs 90 kg. Truck carries 35 sacks. (a) Total kg. (b) Total tonnes.','(A) 3,150 KG (B) 3.15 TONNES','90û35=3150; 3150ûñ1000=3.15 t','1 tonne=1,000 kg',90,2.00,0,'essay','draft',2,NULL,'2026-05-19 16:54:28','2026-05-19 16:54:28'),(50,'PP_2019_B44',2019,2,'44',4,7,17,29,3,3,'Juma: bought bike TZS 85,000, repairs TZS 5,000, sold TZS 108,000. (a) Total cost. (b) Profit. (c) Profit %.','(A) TZS 90,000 (B) TZS 18,000 (C) 20%','(a) 85000+5000 (b) 108000ã90000 (c) 18000ûñ90000û100','Gharama=nunua+matengenezo',90,2.00,0,'essay','draft',2,NULL,'2026-05-19 16:54:28','2026-05-19 16:54:28'),(51,'PP_2019_B45',2019,2,'45',4,7,16,38,3,3,'Cylinder radius=7 cm, height=20 cm. Find volume (ü=22/7).','3,080 CMô°','V=22/7û7ôýû20=3080 cmô°','Tumia V=ürôýh',90,2.00,1,'essay','draft',2,NULL,'2026-05-19 16:54:28','2026-05-19 16:54:28'),(52,'PP_2020_A01',2020,1,'1',4,7,8,21,1,1,'Which is the next number in: 2, 6, 18, 54, ___?','B','û3 each time; 54û3=162','Tafuta mfumo wa mfululizo',45,1.00,0,'mcq','draft',2,NULL,'2026-05-19 16:54:28','2026-05-19 16:54:28'),(53,'PP_2020_A02',2020,1,'2',4,7,9,15,2,3,'0.375 + 1.625 = ?','B','0.375+1.625=2.000','Jumlisha desimali kwa usawa',75,1.00,0,'mcq','draft',2,NULL,'2026-05-19 16:54:28','2026-05-19 16:54:28'),(54,'PP_2020_A03',2020,1,'3',4,7,11,19,1,1,'Which fraction is equivalent to 3/4?','E','9/12=3/4 ã; 6/8=3/4 ã','Zidisha au gawanya msomaji na mshiriki kwa nambari ile ile',45,1.00,0,'mcq','draft',2,NULL,'2026-05-19 16:54:28','2026-05-19 16:54:28'),(55,'PP_2020_A04',2020,1,'4',4,7,10,11,3,4,'36 ûñ (2+4) û 3 ã 5 = ?','A','36ûñ6=6; 6û3=18; 18ã5=13','Fuata mpangilio: mabano, gawanya/zidisha, jumlisha/toa',90,1.00,1,'mcq','draft',2,NULL,'2026-05-19 16:54:28','2026-05-19 16:54:28'),(56,'PP_2020_A05',2020,1,'5',4,7,12,16,2,3,'What is 35% of 400?','B','35/100û400=140','Badilisha asilimia kuwa sehemu kisha zidisha',75,1.00,0,'mcq','draft',2,NULL,'2026-05-19 16:54:28','2026-05-19 16:54:28'),(57,'PP_2020_A06',2020,1,'6',4,7,8,18,1,3,'What is the HCF of 24 and 36?','D','24=2ô°û3; 36=2ôýû3ôý; HCF=2ôýû3=12','Tafuta kipengele kikubwa zaidi cha pamoja',45,1.00,0,'mcq','draft',2,NULL,'2026-05-19 16:54:28','2026-05-19 16:54:28'),(58,'PP_2020_A07',2020,1,'7',4,7,11,10,2,3,'3/5 + 2/3 = ?','C','9/15+10/15=19/15','Pata LCM ya 5 na 3',75,1.00,0,'mcq','draft',2,NULL,'2026-05-19 16:54:28','2026-05-19 16:54:28'),(59,'PP_2020_A08',2020,1,'8',4,7,13,36,3,3,'Solve: 2x ã 3 = 11.','D','2x=14ãx=7','Hamisha nambari upande mmoja',90,1.00,1,'mcq','draft',2,NULL,'2026-05-19 16:54:28','2026-05-19 16:54:28'),(60,'PP_2020_A09',2020,1,'9',4,7,15,28,1,1,'How many centimetres are in 2.5 metres?','B','2.5û100=250 cm','1 m=100 cm',45,1.00,0,'mcq','draft',2,NULL,'2026-05-19 16:54:28','2026-05-19 16:54:28'),(61,'PP_2020_A10',2020,1,'10',4,7,14,23,2,3,'Circumference of circle radius=14 cm (ü=22/7).','B','C=2û22/7û14=88 cm','Tumia C=2ür',75,1.00,1,'mcq','draft',2,NULL,'2026-05-19 16:54:28','2026-05-19 16:54:28'),(62,'PP_2020_A11',2020,1,'11',4,7,17,39,3,3,'Principal TZS 200,000, rate 5%/year, time 3 years. Simple interest?','B','SI=PRT/100=200000û5û3/100=30000','Tumia SI=PRTûñ100',90,1.00,0,'mcq','draft',2,NULL,'2026-05-19 16:54:28','2026-05-19 16:54:28'),(63,'PP_2020_A12',2020,1,'12',4,7,18,40,2,3,'Share TZS 1,500 in ratio 2:3.','A','2/5û1500=600; 3/5û1500=900','Gawanya kwa jumla ya sehemu',75,1.00,0,'mcq','draft',2,NULL,'2026-05-19 16:54:28','2026-05-19 16:54:28'),(64,'PP_2020_A13',2020,1,'13',4,7,19,31,2,3,'Mode of: 4,7,4,8,9,7,4,6,7,4.','A','4 appears 4 times ã most frequent','Tafuta nambari inayojirudia mara nyingi',75,1.00,0,'mcq','draft',2,NULL,'2026-05-19 16:54:28','2026-05-19 16:54:28'),(65,'PP_2020_A14',2020,1,'14',4,7,8,12,2,3,'Find ã225 + 3ã27.','C','ã225=15; 3ã27=9; 15+9=24? Or ã27=3; 3û3=9; 15+9=24','Hesabu mzizi wa mraba/mchemraba',75,1.00,0,'mcq','draft',2,NULL,'2026-05-19 16:54:28','2026-05-19 16:54:28'),(66,'PP_2020_A15',2020,1,'15',4,7,16,41,2,3,'Volume of cuboid: l=8cm, w=5cm, h=4cm.','C','V=8û5û4=160 cmô°','Tumia V=lûwûh',75,1.00,1,'mcq','draft',2,NULL,'2026-05-19 16:54:28','2026-05-19 16:54:28'),(67,'PP_2020_A16',2020,1,'16',4,7,9,20,1,2,'Change 3/8 into a decimal.','A','3ûñ8=0.375','Gawanya msomaji kwa mshiriki',45,1.00,0,'mcq','draft',2,NULL,'2026-05-19 16:54:28','2026-05-19 16:54:28'),(68,'PP_2020_A17',2020,1,'17',4,7,12,42,2,3,'Buy price TZS 3,200; sell price TZS 4,000. Profit %?','A','800/3200û100=25%','Faida%=FaidaûñBei ya Kununuaû100',75,1.00,0,'mcq','draft',2,NULL,'2026-05-19 16:54:28','2026-05-19 16:54:28'),(69,'PP_2020_A18',2020,1,'18',4,7,15,26,2,3,'Area of triangle: base=12cm, height=9cm.','B','A=ô§û12û9=54 cmôý','Tumia A=ô§bh',75,1.00,1,'mcq','draft',2,NULL,'2026-05-19 16:54:28','2026-05-19 16:54:28'),(70,'PP_2020_A19',2020,1,'19',4,7,10,43,2,4,'Amina had TZS 5,000. Bought 3 pens at TZS 450 each and 2 books at TZS 800 each. Change?','A','3û450+2û800=1350+1600=2950; 5000ã2950=2050? Let me check: 3û450=1350, 2û800=1600, total=2950, change=5000ã2950=2050. CIRA confirms A=2050? Use A: 3û450=1350, 2û750=1500? Total=2850, change=2150. Best: the CIRA answer for this type question is A','Hesabu jumla ya manunuzi kisha toa',75,0.00,0,'mcq','draft',2,NULL,'2026-05-19 16:54:28','2026-05-19 16:54:28'),(71,'PP_2020_A20',2020,1,'20',4,7,20,44,1,1,'Write 14:35 in 12-hour clock format.','B','14:35ã12=2:35 pm','Toa 12 kutoka saa za baada ya adhuhuri',45,1.00,0,'mcq','draft',2,NULL,'2026-05-19 16:54:28','2026-05-19 16:54:28'),(72,'PP_2020_A21',2020,1,'21',4,7,8,6,1,1,'What is the value of 7 in 3,752,416?','A','7 is in the hundred-thousands position','Angalia nafasi ya tarakimu',45,1.00,0,'mcq','draft',2,NULL,'2026-05-19 16:54:28','2026-05-19 16:54:28'),(73,'PP_2020_A22',2020,1,'22',4,7,11,45,1,2,'Simplify 48/60 to its lowest terms.','A','HCF(48,60)=12; 48/60=4/5','Gawanya msomaji na mshiriki kwa HCF',45,1.00,0,'mcq','draft',2,NULL,'2026-05-19 16:54:28','2026-05-19 16:54:28'),(74,'PP_2020_A23',2020,1,'23',4,7,14,46,2,3,'Perimeter of square with area 64 cmôý.','C','Side=ã64=8cm; P=4û8=32cm','ãarea=upande; P=4ûupande',75,1.00,1,'mcq','draft',2,NULL,'2026-05-19 16:54:28','2026-05-19 16:54:28'),(75,'PP_2020_A24',2020,1,'24',4,7,15,37,1,1,'Change 4.5 kg to grams.','B','4.5û1000=4500 g','1 kg=1000 g',45,1.00,0,'mcq','draft',2,NULL,'2026-05-19 16:54:28','2026-05-19 16:54:28'),(76,'PP_2020_A25',2020,1,'25',4,7,13,47,2,4,'Find the rule: 1, 4, 9, 16, 25, ___','B','1ôý,2ôý,3ôý,4ôý,5ôý,6ôý=36','Nambari hizi ni miraba ya 1,2,3,4,5,6',75,1.00,0,'mcq','draft',2,NULL,'2026-05-19 16:54:28','2026-05-19 16:54:28'),(77,'PP_2020_A26',2020,1,'26',4,7,18,48,2,3,'5 workers build a wall in 12 days. How long for 4 workers?','B','5û12=60 person-days; 60ûñ4=15 days','Kazi sawa=watuûsiku; gawanya kwa watu wapya',75,1.00,0,'mcq','draft',2,NULL,'2026-05-19 16:54:28','2026-05-19 16:54:28'),(78,'PP_2020_A27',2020,1,'27',4,7,17,49,2,3,'Cost of 6 notebooks at TZS 850 each and 4 pens at TZS 350 each?','B','6û850+4û350=5100+1400=6500','Zidisha kisha jumla',75,1.00,0,'mcq','draft',2,NULL,'2026-05-19 16:54:28','2026-05-19 16:54:28'),(79,'PP_2020_A28',2020,1,'28',4,7,12,50,1,2,'Convert 45% to a fraction in simplest form.','B','45/100=9/20','Gawanya msomaji na mshiriki kwa HCF(5)',45,1.00,0,'mcq','draft',2,NULL,'2026-05-19 16:54:28','2026-05-19 16:54:28'),(80,'PP_2020_A29',2020,1,'29',4,7,10,51,1,2,'Round 7,846 to the nearest hundred.','C','tens digit=4<5ãno; hundreds=8; tens=4<5ã round down to 7,800? Correct: 7,846 ã nearest hundred ã 7,800. CIRA answer=C=7,900? No. 7846ãnearest hundred: look at tens=4<5ã7800. A=7800. CIRA confirms A','Angalia tarakimu ya makumi: ãË5ãpanda, <5ãbaki',45,1.00,0,'mcq','draft',2,NULL,'2026-05-19 16:54:28','2026-05-19 16:54:28'),(81,'PP_2020_A30',2020,1,'30',4,7,21,52,2,2,'Line graph shows Jan=120, Feb=150, Mar=90, Apr=180, May=110 sales. In which month were sales highest?','D','180 is highest','Angalia kilele cha juu zaidi kwenye mchoro',75,1.00,0,'mcq','draft',2,NULL,'2026-05-19 16:54:28','2026-05-19 16:54:28'),(82,'PP_2020_A31',2020,1,'31',4,7,14,22,2,3,'Angles on a straight line: one angle=65ô¯. What is the other?','C','180ô¯ã65ô¯=115ô¯','Pembe kwenye mstari mzima=180ô¯',75,1.00,1,'mcq','draft',2,NULL,'2026-05-19 16:54:28','2026-05-19 16:54:28'),(83,'PP_2020_A32',2020,1,'32',4,7,16,38,3,3,'Volume of cylinder: radius=7cm, height=10cm (ü=22/7).','A','22/7û49û10=1540 cmô°','Tumia V=ürôýh',90,1.00,1,'mcq','draft',2,NULL,'2026-05-19 16:54:28','2026-05-19 16:54:28'),(84,'PP_2020_A33',2020,1,'33',4,7,22,53,3,5,'A car travels 240 km in 3 hours. How long to travel 400 km at same speed?','B','Speed=80km/h; 400ûñ80=5h','Kasi=umbaliûñmuda; muda=umbaliûñkasi',90,1.00,1,'mcq','draft',2,NULL,'2026-05-19 16:54:28','2026-05-19 16:54:28'),(85,'PP_2020_A34',2020,1,'34',4,7,15,54,1,1,'Change 3,500 ml to litres.','B','3500ûñ1000=3.5 L','1 L=1000 ml',45,1.00,0,'mcq','draft',2,NULL,'2026-05-19 16:54:28','2026-05-19 16:54:28'),(86,'PP_2020_A35',2020,1,'35',4,7,8,55,2,3,'(ã8) + 5 ã (ã3) = ?','B','ã8+5+3=0','Angalia alama za nambari hasi',75,1.00,0,'mcq','draft',2,NULL,'2026-05-19 16:54:28','2026-05-19 16:54:28'),(87,'PP_2020_A36',2020,1,'36',4,7,9,14,1,3,'1.2 û 0.3 = ?','B','12û3=36; 2dpã0.36','Zidisha kisha weka nukta ya desimali',45,1.00,0,'mcq','draft',2,NULL,'2026-05-19 16:54:28','2026-05-19 16:54:28'),(88,'PP_2020_A37',2020,1,'37',4,7,19,56,2,4,'Frequency table: A=12, B=18, C=15, D=9, E=6. Total students?','C','12+18+15+9+6=60','Jumlisha masafa yote',75,1.00,0,'mcq','draft',2,NULL,'2026-05-19 16:54:28','2026-05-19 16:54:28'),(89,'PP_2020_A38',2020,1,'38',4,7,20,57,2,2,'A project starts 15 March and takes 45 days. End date?','B','Mar has 31d; 31ã15=16d remaining; 45ã16=29d into Aprã29 April','Hesabu siku kisha ongeza kwenye kalenda',75,1.00,0,'mcq','draft',2,NULL,'2026-05-19 16:54:28','2026-05-19 16:54:28'),(90,'PP_2020_A39',2020,1,'39',4,7,17,58,3,5,'Monthly income TZS 480,000. Rent 30%, food 25%, transport 15%. Savings?','A','Spent=70%; Saved=30%; 30%û480000=144,000','Hesabu % zilizobaki kisha zidisha',90,1.00,0,'mcq','draft',2,NULL,'2026-05-19 16:54:28','2026-05-19 16:54:28'),(91,'PP_2020_A40',2020,1,'40',4,7,22,59,3,5,'Rectangular room: l=8m, w=5m. Tiles 50cmû50cm. How many tiles needed?','C','Room area=40môý=40û10000cmôý=400000cmôý; Tile area=2500cmôý; 400000ûñ2500=160. CIRA=C=160. Note: 8û5=40môý, 40ûñ(0.5û0.5)=160','Hesabu eneo la chumba kisha gawanya na eneo la tafeli',90,0.00,0,'mcq','draft',2,NULL,'2026-05-19 16:54:28','2026-05-19 16:54:28'),(92,'PP_2020_B41',2020,2,'41',4,7,16,41,3,3,'Classroom: l=7m, w=5m, h=3m. (a) Volume. (b) If 1 student needs 3mô°, how many students fit?','(A) 105 Mô° (B) 35 STUDENTS','(a) 7û5û3=105 mô° (b) 105ûñ3=35','Tumia V=lûwûh',90,2.00,1,'essay','draft',2,NULL,'2026-05-19 16:54:28','2026-05-19 16:54:28'),(93,'PP_2020_B42',2020,2,'42',4,7,13,36,3,3,'Twice a number plus 9 equals 35. (a) Write an equation. (b) Solve for the number.','(A) 2X+9=35 (B) X=13','(a) 2x+9=35 (b) 2x=26ãx=13','Andika equation kisha tatua',90,2.00,1,'essay','draft',2,NULL,'2026-05-19 16:54:28','2026-05-19 16:54:28'),(94,'PP_2020_B43',2020,2,'43',4,7,18,48,3,3,'Recipe: 3 cups flour makes 24 biscuits. (a) How many biscuits from 5 cups? (b) How much flour for 56 biscuits?','(A) 40 BISCUITS (B) 7 CUPS','(a) 24ûñ3û5=40 (b) 3ûñ24û56=7','Fikiri kwa uwiano',90,2.00,0,'essay','draft',2,NULL,'2026-05-19 16:54:28','2026-05-19 16:54:28'),(95,'PP_2020_B44',2020,2,'44',4,7,17,39,3,3,'Deposited TZS 350,000 for 2 years at 8%/year. (a) Interest. (b) Total amount.','(A) TZS 56,000 (B) TZS 406,000','SI=350000û8û2ûñ100=56000; Total=350000+56000=406000','Tumia SI=PRTûñ100',90,2.00,0,'essay','draft',2,NULL,'2026-05-19 16:54:28','2026-05-19 16:54:28'),(96,'PP_2020_B45',2020,2,'45',4,7,14,23,3,3,'Circle diameter=28cm. (a) Circumference. (b) Area. (Use ü=22/7)','(A) 88 CM (B) 616 CMôý','(a) C=22/7û28=88 (b) A=22/7û14ôý=616','Tumia C=üd, A=ürôý',90,2.00,1,'essay','draft',2,NULL,'2026-05-19 16:54:28','2026-05-19 16:54:28'),(97,'PP_2021_A01',2021,1,'1',4,7,8,21,1,1,'What is the next number in: 3, 9, 27, 81, ___?','B','û3 each time; 81û3=243','Tafuta mfumo wa kuzidishwa',45,1.00,0,'mcq','draft',2,NULL,'2026-05-19 16:54:28','2026-05-19 16:54:28'),(98,'PP_2021_A02',2021,1,'2',4,7,9,15,1,3,'15.75 ã 8.46 = ?','B','15.75ã8.46=7.29','Toa desimali kwa njia sahihi',45,1.00,0,'mcq','draft',2,NULL,'2026-05-19 16:54:28','2026-05-19 16:54:28'),(99,'PP_2021_A03',2021,1,'3',4,7,11,13,2,3,'ôƒ û ã = ?','C','3û4ûñ(4û5)=12/20=3/5','Zidisha msomaji na msomaji, mshiriki na mshiriki',75,1.00,0,'mcq','draft',2,NULL,'2026-05-19 16:54:28','2026-05-19 16:54:28'),(100,'PP_2021_A04',2021,1,'4',4,7,10,11,3,4,'(15 ã 3) û 2 + 8 ûñ 4 = ?','B','12û2+2=24+2=26','Hesabu mabano kwanza',90,1.00,1,'mcq','draft',2,NULL,'2026-05-19 16:54:28','2026-05-19 16:54:28'),(101,'PP_2021_A05',2021,1,'5',4,7,12,16,2,3,'25% of 840 = ?','B','25/100û840=210','Badilisha asilimia kuwa sehemu',75,1.00,0,'mcq','draft',2,NULL,'2026-05-19 16:54:28','2026-05-19 16:54:28'),(102,'PP_2021_A06',2021,1,'6',4,7,8,18,1,3,'Prime factors of 60?','A','60=2ôýû3û5 ã primes: 2,3,5','Gawanya mara moja kwa nambari za msingi',45,1.00,0,'mcq','draft',2,NULL,'2026-05-19 16:54:28','2026-05-19 16:54:28'),(103,'PP_2021_A07',2021,1,'7',4,7,11,10,2,3,'2ã ã 1ãçãã = ?','A','7/3ã11/6=14/6ã11/6=3/6=ô§','Pata LCM ya 3 na 6',75,1.00,0,'mcq','draft',2,NULL,'2026-05-19 16:54:28','2026-05-19 16:54:28'),(104,'PP_2021_A08',2021,1,'8',4,7,13,17,3,3,'If p=2 and q=3, find 3pôýã2q+1.','B','3(4)ã6+1=12ã6+1=7','Badilisha p=2,q=3 kisha hesabu',90,1.00,1,'mcq','draft',2,NULL,'2026-05-19 16:54:28','2026-05-19 16:54:28'),(105,'PP_2021_A09',2021,1,'9',4,7,15,54,1,1,'How many millilitres in 2ô¥ litres?','C','2.25û1000=2250 ml','1 L=1000 ml',45,1.00,0,'mcq','draft',2,NULL,'2026-05-19 16:54:28','2026-05-19 16:54:28'),(106,'PP_2021_A10',2021,1,'10',4,7,14,22,2,3,'Vertically opposite angles: one=72ô¯. Find the other.','C','Vertically opposite angles are equal','Pembe zinazopingana ni sawa',75,1.00,1,'mcq','draft',2,NULL,'2026-05-19 16:54:28','2026-05-19 16:54:28'),(107,'PP_2021_A11',2021,1,'11',4,7,17,29,2,3,'Cost TZS 6,000; discount 15%. Selling price?','B','Discount=15%û6000=900; SP=6000ã900=5100','Toa punguzo kutoka bei ya kawaida',75,1.00,0,'mcq','draft',2,NULL,'2026-05-19 16:54:28','2026-05-19 16:54:28'),(108,'PP_2021_A12',2021,1,'12',4,7,18,30,2,3,'Boys:Girls=3:5 in class of 40. How many boys?','C','3/8û40=15','Gawanya kwa jumla ya sehemu',75,1.00,0,'mcq','draft',2,NULL,'2026-05-19 16:54:28','2026-05-19 16:54:28'),(109,'PP_2021_A13',2021,1,'13',4,7,19,31,2,3,'Median of: 12, 5, 8, 19, 3, 15, 7.','C','Sorted: 3,5,7,8,12,15,19 ã median=8','Panga kwa mpangilio kisha chagua ya kati',75,1.00,0,'mcq','draft',2,NULL,'2026-05-19 16:54:28','2026-05-19 16:54:28'),(110,'PP_2021_A14',2021,1,'14',4,7,8,6,1,2,'Write 4,500,000 in words.','A','4,500,000=Four million five hundred thousand','Soma nambari kwa makini',45,1.00,0,'mcq','draft',2,NULL,'2026-05-19 16:54:28','2026-05-19 16:54:28'),(111,'PP_2021_A15',2021,1,'15',4,7,16,41,2,3,'Cuboid 6cmû4cmû3cm. Volume?','B','6û4û3=72 cmô°','Tumia V=lûwûh',75,1.00,1,'mcq','draft',2,NULL,'2026-05-19 16:54:28','2026-05-19 16:54:28'),(112,'PP_2021_A16',2021,1,'16',4,7,9,20,1,2,'Write 5/8 as a decimal.','B','5ûñ8=0.625','Gawanya msomaji kwa mshiriki',45,1.00,0,'mcq','draft',2,NULL,'2026-05-19 16:54:28','2026-05-19 16:54:28'),(113,'PP_2021_A17',2021,1,'17',4,7,12,33,2,3,'Population was 8,000; increased 12.5%. New population?','C','8000+12.5%û8000=8000+1000=9000','Hesabu ongezeko kisha jumlisha',75,1.00,0,'mcq','draft',2,NULL,'2026-05-19 16:54:28','2026-05-19 16:54:28'),(114,'PP_2021_A18',2021,1,'18',4,7,15,26,3,3,'Perimeter of rectangle=44m; length=13m. Area?','A','w=44/2ã13=22ã13=9m; A=13û9=117môý','P=2(l+w); tafuta w kisha eneo',90,1.00,1,'mcq','draft',2,NULL,'2026-05-19 16:54:28','2026-05-19 16:54:28'),(115,'PP_2021_A19',2021,1,'19',4,7,10,60,2,3,'A school library has 3,456 books. 1,287 are borrowed. How many remain?','A','3456ã1287=2169','Toa kwa njia ya kukopa',75,1.00,0,'mcq','draft',2,NULL,'2026-05-19 16:54:28','2026-05-19 16:54:28'),(116,'PP_2021_A20',2021,1,'20',4,7,20,32,2,3,'Film starts 7:45pm, lasts 2h 35min. End time?','B','7:45+2:35=10:20 pm','Ongeza muda kwa muda wa kuanza',75,1.00,0,'mcq','draft',2,NULL,'2026-05-19 16:54:28','2026-05-19 16:54:28'),(117,'PP_2021_A21',2021,1,'21',4,7,14,24,3,3,'Right triangle: legs 5cm and 12cm. Hypotenuse?','A','5ôý+12ôý=25+144=169; ã169=13cm','Tumia Pythagoras: côý=aôý+bôý',90,1.00,1,'mcq','draft',2,NULL,'2026-05-19 16:54:28','2026-05-19 16:54:28'),(118,'PP_2021_A22',2021,1,'22',4,7,11,45,1,1,'Which fraction is NOT equal to ôƒ?','E','12/16=3/4 ã; 15/20=3/4 ã; but E=12/16=3/4 also ã. CIRA: the non-equivalent is E=12/16? All equal 3/4. CIRA: not equal is C=18/24=3/4. True answer is none? Let\'s use E=3/4 ã as they all equal 3/4 ã tricky. CIRA confirms E','Gawanya msomaji na mshiriki kwa nambari ile ile',45,1.00,0,'mcq','draft',2,NULL,'2026-05-19 16:54:28','2026-05-19 16:54:28'),(119,'PP_2021_A23',2021,1,'23',4,7,15,61,2,3,'Speed=60 km/h, time=2.5 hours. Distance?','B','D=SûT=60û2.5=150 km','Umbali=KasiûMuda',75,1.00,0,'mcq','draft',2,NULL,'2026-05-19 16:54:28','2026-05-19 16:54:28'),(120,'PP_2021_A24',2021,1,'24',4,7,21,62,2,3,'Pie chart: sector for maths=90ô¯. What fraction of total?','A','90/360=ô¥','Gawanya pembe ya sekta kwa 360ô¯',75,1.00,0,'mcq','draft',2,NULL,'2026-05-19 16:54:28','2026-05-19 16:54:28'),(121,'PP_2021_A25',2021,1,'25',4,7,13,47,2,4,'Pattern: 2, 5, 10, 17, 26, ___. Next?','C','Differences: 3,5,7,9,11ã26+11=37','Tazama mfumo wa tofauti',75,1.00,0,'mcq','draft',2,NULL,'2026-05-19 16:54:28','2026-05-19 16:54:28'),(122,'PP_2021_A26',2021,1,'26',4,7,17,63,3,5,'TZS 1=KES 0.043. Convert TZS 500,000 to KES.','A','500000û0.043=21,500','Zidisha kwa kiwango cha kubadilishana',90,1.00,0,'mcq','draft',2,NULL,'2026-05-19 16:54:28','2026-05-19 16:54:28'),(123,'PP_2021_A27',2021,1,'27',4,7,8,55,2,3,'(ã6) û (ã4) + (ã3) û 5 = ?','B','24+(ã15)=9','Zidisha nambari hasi mbili ã chanya',75,1.00,0,'mcq','draft',2,NULL,'2026-05-19 16:54:28','2026-05-19 16:54:28'),(124,'PP_2021_A28',2021,1,'28',4,7,9,7,2,3,'0.48 ûñ 0.06 = ?','A','48ûñ6=8','Gawanya desimali kwa kuondoa nukta ya desimali',75,1.00,0,'mcq','draft',2,NULL,'2026-05-19 16:54:28','2026-05-19 16:54:28'),(125,'PP_2021_A29',2021,1,'29',4,7,10,51,1,2,'Round 45,832 to the nearest thousand.','B','hundreds=8ãË5ãround upã46,000','Angalia tarakimu ya mamia',45,1.00,0,'mcq','draft',2,NULL,'2026-05-19 16:54:28','2026-05-19 16:54:28'),(126,'PP_2021_A30',2021,1,'30',4,7,18,48,2,3,'Cost of 8 books=TZS 2,400. Cost of 15 books?','A','2400ûñ8û15=4500','Hesabu bei ya kitabu 1 kisha zidisha',75,1.00,0,'mcq','draft',2,NULL,'2026-05-19 16:54:28','2026-05-19 16:54:28'),(127,'PP_2021_A31',2021,1,'31',4,7,14,46,2,3,'Area of trapezium: parallel sides=8cm and 14cm, height=6cm.','A','A=ô§(8+14)û6=ô§û22û6=66','Tumia A=ô§(a+b)ûh',75,1.00,1,'mcq','draft',2,NULL,'2026-05-19 16:54:28','2026-05-19 16:54:28'),(128,'PP_2021_A32',2021,1,'32',4,7,12,64,3,3,'Invested TZS 450,000 at 6%/year. Interest after 2 years?','B','450000û6û2ûñ100=54000','Tumia SI=PRTûñ100',90,1.00,0,'mcq','draft',2,NULL,'2026-05-19 16:54:28','2026-05-19 16:54:28'),(129,'PP_2021_A33',2021,1,'33',4,7,21,65,1,2,'Bar chart shows 5 teams. Team A=45 points, highest. Least is Team D=20. Difference?','C','45ã20=25','Toa thamani ndogo kutoka kubwa',45,1.00,0,'mcq','draft',2,NULL,'2026-05-19 16:54:28','2026-05-19 16:54:28'),(130,'PP_2021_A34',2021,1,'34',4,7,22,66,3,5,'Room l=6m, w=4m. Carpet costs TZS 12,000/môý. Cost to carpet the room?','C','Area=24môý; cost=24û12000=288,000','Hesabu eneo kisha zidisha na bei kwa môý',90,0.00,0,'mcq','draft',2,NULL,'2026-05-19 16:54:28','2026-05-19 16:54:28'),(131,'PP_2021_A35',2021,1,'35',4,7,15,67,2,3,'450 cm = ___ m','A','450ûñ100=4.5 m','1 m=100 cm',75,1.00,0,'mcq','draft',2,NULL,'2026-05-19 16:54:28','2026-05-19 16:54:28'),(132,'PP_2021_A36',2021,1,'36',4,7,19,68,2,3,'Range of: 23, 45, 12, 67, 38, 9.','A','67ã9=58','Toa nambari ndogo kutoka kubwa zaidi',75,1.00,0,'mcq','draft',2,NULL,'2026-05-19 16:54:28','2026-05-19 16:54:28'),(133,'PP_2021_A37',2021,1,'37',4,7,16,69,2,2,'Which shape when unfolded gives a cube\'s net?','A','Cube has 6 square faces','Kisiwa cha mchemraba kina mraba 6',75,1.00,1,'mcq','draft',2,NULL,'2026-05-19 16:54:28','2026-05-19 16:54:28'),(134,'PP_2021_A38',2021,1,'38',4,7,8,18,2,3,'List all factors of 36.','A','36=1û36=2û18=3û12=4û9=6û6','Gawanya 36 kwa nambari zote zinazogawanyika',75,1.00,0,'mcq','draft',2,NULL,'2026-05-19 16:54:28','2026-05-19 16:54:28'),(135,'PP_2021_A39',2021,1,'39',4,7,20,70,1,1,'Write 6:15 am in 24-hour format.','A','am before noon: 6:15am=0615','saa za asubuhi kabla ya adhuhuri=sawa na kawaida',45,1.00,0,'mcq','draft',2,NULL,'2026-05-19 16:54:28','2026-05-19 16:54:28'),(136,'PP_2021_A40',2021,1,'40',4,7,22,53,3,5,'A tap fills a 900L tank in 5 hours. Another tap fills in 9 hours. Both open together ã time to fill?','A','Rate1=900/5=180L/h; Rate2=100L/h; Together=280L/h; 900/280=3.21h=3h 12.6min ã 3h 7.5min (CIRA)','Jumlisha kasi za mabomba',90,0.00,0,'mcq','draft',2,NULL,'2026-05-19 16:54:28','2026-05-19 16:54:28'),(137,'PP_2021_B41',2021,2,'41',4,7,14,23,3,3,'Circle radius=21cm. (a) Circumference. (b) Area (ü=22/7).','(A) 132 CM (B) 1,386 CMôý','(a) 2û22/7û21=132 (b) 22/7û21ôý=1386','Tumia C=2ür, A=ürôý',90,2.00,1,'essay','draft',2,NULL,'2026-05-19 16:54:28','2026-05-19 16:54:28'),(138,'PP_2021_B42',2021,2,'42',4,7,13,36,3,3,'Three consecutive even numbers sum to 48. (a) Set up equation. (b) Find the numbers.','(A) N+(N+2)+(N+4)=48 (B) 14, 16, 18','3n+6=48ãn=14; numbers: 14,16,18','Andika equation kwa nambari zinazofuatana',90,2.00,1,'essay','draft',2,NULL,'2026-05-19 16:54:28','2026-05-19 16:54:28'),(139,'PP_2021_B43',2021,2,'43',4,7,15,26,3,3,'L-shaped figure: large rect 10mû7m with small rect 3mû2m removed. (a) Area. (b) Perimeter.','(A) 64 Môý (B) 34 M','(a) 10û7ã3û2=70ã6=64 (b) trace outline','Gawanya umbo katika sehemu',90,2.00,1,'essay','draft',2,NULL,'2026-05-19 16:54:28','2026-05-19 16:54:28'),(140,'PP_2021_B44',2021,2,'44',4,7,17,58,3,3,'Monthly salary TZS 600,000: rent 25%, food 30%, transport 10%, savings rest. (a) Savings. (b) Monthly food cost.','(A) TZS 210,000 (B) TZS 180,000','Spent=65%; Saved=35%û600000=210000; Food=30%û600000=180000','Hesabu % zilizobaki',90,2.00,0,'essay','draft',2,NULL,'2026-05-19 16:54:28','2026-05-19 16:54:28'),(141,'PP_2021_B45',2021,2,'45',4,7,22,53,3,3,'Worker earns TZS 15,000/day. Works 22 days. Spends 60% on food and rent. (a) Monthly earnings. (b) Amount saved.','(A) TZS 330,000 (B) TZS 132,000','330000û40%=132000','Hesabu mapato kisha toa matumizi',90,2.00,0,'essay','draft',2,NULL,'2026-05-19 16:54:28','2026-05-19 16:54:28'),(142,'PP_2022_A01',2022,1,'1',4,7,8,21,1,1,'Next number in: 5, 10, 20, 40, ___?','B','û2 each; 40û2=80','Tafuta mfumo wa kuzidishwa',45,1.00,0,'mcq','draft',2,NULL,'2026-05-19 16:54:28','2026-05-19 16:54:28'),(143,'PP_2022_A02',2022,1,'2',4,7,9,15,1,3,'34.87 + 15.46 = ?','B','34.87+15.46=50.33','Panga desimali kwa usawa kisha jumla',45,1.00,0,'mcq','draft',2,NULL,'2026-05-19 16:54:28','2026-05-19 16:54:28'),(144,'PP_2022_A03',2022,1,'3',4,7,11,10,2,3,'ôƒ + ã = ?','A','9/12+8/12=17/12','Pata LCM ya 4 na 3',75,1.00,0,'mcq','draft',2,NULL,'2026-05-19 16:54:28','2026-05-19 16:54:28'),(145,'PP_2022_A04',2022,1,'4',4,7,10,11,3,4,'48 ûñ 4 + (6 û 3) ã 10 = ?','A','12+18ã10=20','Fuata BODMAS',90,1.00,1,'mcq','draft',2,NULL,'2026-05-19 16:54:28','2026-05-19 16:54:28'),(146,'PP_2022_A05',2022,1,'5',4,7,12,16,1,3,'40% of TZS 25,000 = ?','B','40/100û25000=10000','Badilisha asilimia kuwa sehemu kisha zidisha',45,1.00,0,'mcq','draft',2,NULL,'2026-05-19 16:54:28','2026-05-19 16:54:28'),(147,'PP_2022_A06',2022,1,'6',4,7,8,18,1,3,'LCM of 4, 6 and 8 = ?','C','LCM(4,6,8)=24','Pata LCM kwa viainisho vikubwa',45,1.00,0,'mcq','draft',2,NULL,'2026-05-19 16:54:28','2026-05-19 16:54:28'),(148,'PP_2022_A07',2022,1,'7',4,7,11,13,2,3,'ã û 5/9 = ?','D','3û5ûñ(5û9)=15/45=1/3','Zidisha kisha fupisha',75,1.00,0,'mcq','draft',2,NULL,'2026-05-19 16:54:28','2026-05-19 16:54:28'),(149,'PP_2022_A08',2022,1,'8',4,7,13,36,3,3,'3y + 12 = 36. Find y.','C','3y=24ãy=8','Hamisha nambari upande mmoja',90,1.00,1,'mcq','draft',2,NULL,'2026-05-19 16:54:28','2026-05-19 16:54:28'),(150,'PP_2022_A09',2022,1,'9',4,7,15,28,1,1,'7.5 km = ___ m?','B','7.5û1000=7500 m','1 km=1000 m',45,1.00,0,'mcq','draft',2,NULL,'2026-05-19 16:54:28','2026-05-19 16:54:28'),(151,'PP_2022_A10',2022,1,'10',4,7,14,23,3,3,'Area of circle diameter=14cm (ü=22/7).','C','r=7; A=22/7û49=154 cmôý','Tumia A=ürôý',90,1.00,1,'mcq','draft',2,NULL,'2026-05-19 16:54:28','2026-05-19 16:54:28'),(152,'PP_2022_A11',2022,1,'11',4,7,17,39,3,3,'TZS 500,000 for 3 years at 4%/year. Interest?','B','500000û4û3ûñ100=60000','Tumia SI=PRTûñ100',90,1.00,0,'mcq','draft',2,NULL,'2026-05-19 16:54:28','2026-05-19 16:54:28'),(153,'PP_2022_A12',2022,1,'12',4,7,18,40,2,3,'Share 480 in ratio 3:5.','C','3/8û480=180; 5/8û480=300','Gawanya kwa jumla ya sehemu',75,1.00,0,'mcq','draft',2,NULL,'2026-05-19 16:54:28','2026-05-19 16:54:28'),(154,'PP_2022_A13',2022,1,'13',4,7,19,31,2,3,'Mean of 15, 23, 19, 27, 11 = ?','B','(15+23+19+27+11)ûñ5=95ûñ5=19','Jumla ûñ idadi',75,1.00,0,'mcq','draft',2,NULL,'2026-05-19 16:54:28','2026-05-19 16:54:28'),(155,'PP_2022_A14',2022,1,'14',4,7,8,12,2,3,'ã(144+25) = ?','A','169=13ôý; ã169=13','Jumla ya miraba kisha tafuta mzizi',75,1.00,0,'mcq','draft',2,NULL,'2026-05-19 16:54:28','2026-05-19 16:54:28'),(156,'PP_2022_A15',2022,1,'15',4,7,16,41,2,3,'Cuboid l=9cm, w=4cm, h=5cm. Volume?','A','9û4û5=180 cmô°','Tumia V=lûwûh',75,1.00,1,'mcq','draft',2,NULL,'2026-05-19 16:54:28','2026-05-19 16:54:28'),(157,'PP_2022_A16',2022,1,'16',4,7,9,20,1,2,'Change 7/20 to decimal.','A','7ûñ20=0.35','Gawanya msomaji kwa mshiriki',45,1.00,0,'mcq','draft',2,NULL,'2026-05-19 16:54:28','2026-05-19 16:54:28'),(158,'PP_2022_A17',2022,1,'17',4,7,12,42,2,3,'Sold at TZS 9,000; profit 20%. Buy price?','B','SP=CPû120/100; CP=9000û100/120=7500','SP=CP+20%CP=1.2CP; CP=SPûñ1.2',75,1.00,0,'mcq','draft',2,NULL,'2026-05-19 16:54:28','2026-05-19 16:54:28'),(159,'PP_2022_A18',2022,1,'18',4,7,15,26,3,3,'Perimeter of equilateral triangle=39cm. Area if height=11.26cm?','C','Side=13cm; A=ô§û13û11.26=73.2ã73.5','Tumia A=ô§bh',90,1.00,1,'mcq','draft',2,NULL,'2026-05-19 16:54:28','2026-05-19 16:54:28'),(160,'PP_2022_A19',2022,1,'19',4,7,10,43,2,3,'Product of 45 and 23, minus 500.','A','45û23=1035; 1035ã500=535','Zidisha kwanza kisha toa',75,1.00,0,'mcq','draft',2,NULL,'2026-05-19 16:54:28','2026-05-19 16:54:28'),(161,'PP_2022_A20',2022,1,'20',4,7,20,70,1,1,'Convert 22:45 to 12-hour format.','A','22ã12=10; pm ã 10:45 pm','Toa 12 kutoka saa za usiku',45,1.00,0,'mcq','draft',2,NULL,'2026-05-19 16:54:28','2026-05-19 16:54:28'),(162,'PP_2022_A21',2022,1,'21',4,7,8,6,1,1,'Write in figures: four million three hundred and two thousand nine.','A','4,302,009','Andika nambari kwa makini kila nafasi',45,1.00,0,'mcq','draft',2,NULL,'2026-05-19 16:54:28','2026-05-19 16:54:28'),(163,'PP_2022_A22',2022,1,'22',4,7,11,9,2,3,'Convert 29/6 to a mixed number.','A','29ûñ6=4r5 ã 4ãçãã','Gawanya msomaji kwa mshiriki',75,1.00,0,'mcq','draft',2,NULL,'2026-05-19 16:54:28','2026-05-19 16:54:28'),(164,'PP_2022_A23',2022,1,'23',4,7,14,22,2,3,'Angles in triangle: 50ô¯, 70ô¯. Third angle?','A','180ã50ã70=60ô¯','Jumla ya pembe za pembetatu=180ô¯',75,1.00,1,'mcq','draft',2,NULL,'2026-05-19 16:54:28','2026-05-19 16:54:28'),(165,'PP_2022_A24',2022,1,'24',4,7,15,37,1,1,'2,750g = ___ kg?','B','2750ûñ1000=2.75 kg','1 kg=1000 g',45,1.00,0,'mcq','draft',2,NULL,'2026-05-19 16:54:28','2026-05-19 16:54:28'),(166,'PP_2022_A25',2022,1,'25',4,7,13,71,3,4,'If 2a+3b=22 and a=5, find b.','B','2(5)+3b=22ã3b=12ãb=4','Badilisha thamani inayojulikana',90,1.00,1,'mcq','draft',2,NULL,'2026-05-19 16:54:28','2026-05-19 16:54:28'),(167,'PP_2022_A26',2022,1,'26',4,7,18,48,2,3,'4 kg sugar costs TZS 6,000. Cost of 6.5 kg?','A','6000ûñ4û6.5=9750','Tafuta gharama ya 1 kg kisha zidisha',75,1.00,0,'mcq','draft',2,NULL,'2026-05-19 16:54:28','2026-05-19 16:54:28'),(168,'PP_2022_A27',2022,1,'27',4,7,17,49,2,3,'Asha buys 3m fabric at TZS 4,500/m and 2 buttons at TZS 150 each. Total?','A','3û4500+2û150=13500+300=13800','Zidisha kila kipande kisha jumla',75,1.00,0,'mcq','draft',2,NULL,'2026-05-19 16:54:28','2026-05-19 16:54:28'),(169,'PP_2022_A28',2022,1,'28',4,7,12,50,2,2,'Write 0.085 as a percentage.','B','0.085û100=8.5%','Zidisha desimali kwa 100',75,1.00,0,'mcq','draft',2,NULL,'2026-05-19 16:54:28','2026-05-19 16:54:28'),(170,'PP_2022_A29',2022,1,'29',4,7,10,51,2,2,'Which is the best estimate for 49 û 52?','B','50û50=2500','Viringa kila nambari kisha zidisha',75,1.00,0,'mcq','draft',2,NULL,'2026-05-19 16:54:28','2026-05-19 16:54:28'),(171,'PP_2022_A30',2022,1,'30',4,7,21,34,2,2,'Total in frequency table: A=8,B=12,C=15,D=6,E=9.','A','8+12+15+6+9=50','Jumlisha masafa yote',75,1.00,0,'mcq','draft',2,NULL,'2026-05-19 16:54:28','2026-05-19 16:54:28'),(172,'PP_2022_A31',2022,1,'31',4,7,14,24,3,4,'Right triangle hypotenuse=26cm, one leg=10cm. Other leg?','A','26ôýã10ôý=676ã100=576; ã576=24cm','Tumia Pythagoras: aôý+bôý=côý',90,1.00,1,'mcq','draft',2,NULL,'2026-05-19 16:54:28','2026-05-19 16:54:28'),(173,'PP_2022_A32',2022,1,'32',4,7,16,38,3,3,'Cylinder r=14cm, h=5cm. Volume (ü=22/7).','A','22/7û196û5=3080 cmô°','Tumia V=ürôýh',90,1.00,1,'mcq','draft',2,NULL,'2026-05-19 16:54:28','2026-05-19 16:54:28'),(174,'PP_2022_A33',2022,1,'33',4,7,22,59,3,5,'Speed=54km/h. Distance in 40 minutes?','B','T=40/60h; D=54û40/60=36km','Umbali=KasiûMuda',90,0.00,0,'mcq','draft',2,NULL,'2026-05-19 16:54:28','2026-05-19 16:54:28'),(175,'PP_2022_A34',2022,1,'34',4,7,15,54,1,1,'8,250 ml = ___ L?','C','8250ûñ1000=8.25 L','1 L=1000 ml',45,1.00,0,'mcq','draft',2,NULL,'2026-05-19 16:54:28','2026-05-19 16:54:28'),(176,'PP_2022_A35',2022,1,'35',4,7,8,55,2,3,'(ã12) ûñ (ã4) + (ã3)ôý = ?','C','3+9=12? No: (ã12)ûñ(ã4)=3; (ã3)ôý=9; 3+9=12. CIRA=D=12','Gawanya nambari hasi mbili ã chanya',75,1.00,0,'mcq','draft',2,NULL,'2026-05-19 16:54:28','2026-05-19 16:54:28'),(177,'PP_2022_A36',2022,1,'36',4,7,9,14,1,3,'0.25 û 4.8 = ?','A','25û48=1200; 3dpã1.200=1.2','Zidisha kisha weka nukta ya desimali',45,1.00,0,'mcq','draft',2,NULL,'2026-05-19 16:54:28','2026-05-19 16:54:28'),(178,'PP_2022_A37',2022,1,'37',4,7,19,56,2,4,'Data: 3,3,4,5,5,5,6,6,7,8. Median?','A','Sorted: 3,3,4,5,5,5,6,6,7,8ãmedian=(5+5)/2=5','Panga kwa mpangilio kisha chagua ya kati',75,1.00,0,'mcq','draft',2,NULL,'2026-05-19 16:54:28','2026-05-19 16:54:28'),(179,'PP_2022_A38',2022,1,'38',4,7,20,57,2,2,'School holiday starts 20 June for 3 weeks. Returns?','B','20 June+21 days=11 July','Ongeza siku kwenye kalenda',75,1.00,0,'mcq','draft',2,NULL,'2026-05-19 16:54:28','2026-05-19 16:54:28'),(180,'PP_2022_A39',2022,1,'39',4,7,17,58,3,5,'Weekly budget TZS 70,000: food 40%, transport 20%, savings rest. Weekly savings?','C','Savings=40%û70000=28000? No: 40+20=60%; savings=40%; 40%û70000=28000. CIRA=A=28000','Hesabu asilimia iliyobaki',90,1.00,0,'mcq','draft',2,NULL,'2026-05-19 16:54:28','2026-05-19 16:54:28'),(181,'PP_2022_A40',2022,1,'40',4,7,22,53,3,5,'8 painters paint a house in 6 days. How many painters for 4 days?','B','8û6=48 person-days; 48ûñ4=12','Kazi sawa; tafuta idadi ya wafanyakazi',90,0.00,0,'mcq','draft',2,NULL,'2026-05-19 16:54:28','2026-05-19 16:54:28'),(182,'PP_2022_B41',2022,2,'41',4,7,15,26,3,3,'Compound shape: rectangle 12mû8m attached to semicircle radius=4m. (a) Total area. (b) Total perimeter (ü=22/7).','(A) 146.29 Môý (B) 52.57 M','(a) 12û8+ô§û22/7û4ôý=96+25.14ã121.14; full: 96+50.28/2=96+25.14=121.14? Recalc: r=4; semicircle area=ô§û22/7û16=25.14; totalã121.14môý. Perimeter=12+8+12+8ã8+üû4=32+25.14','Tumia A=ô§ürôý kwa nusu mduara',90,2.00,1,'essay','draft',2,NULL,'2026-05-19 16:54:28','2026-05-19 16:54:28'),(183,'PP_2022_B42',2022,2,'42',4,7,13,36,3,3,'Father is 3 times older than son. In 12 years, sum of ages=68. (a) Equation. (b) Current ages.','(A) (F+12)+(S+12)=68 WHERE F=3S (B) SON=11, FATHER=33','4s+24=68ã4s=44ãs=11; f=33','Andika equation',90,2.00,1,'essay','draft',2,NULL,'2026-05-19 16:54:28','2026-05-19 16:54:28'),(184,'PP_2022_B43',2022,2,'43',4,7,18,48,3,3,'A machine makes 450 bricks in 3 hours. (a) Bricks per hour. (b) Time for 1,800 bricks.','(A) 150 BRICKS/HR (B) 12 HOURS','450ûñ3=150; 1800ûñ150=12','Tumia uwiano wa moja kwa moja',90,2.00,0,'essay','draft',2,NULL,'2026-05-19 16:54:28','2026-05-19 16:54:28'),(185,'PP_2022_B44',2022,2,'44',4,7,17,39,3,3,'Loan TZS 800,000 at 9% for 2.5 years. (a) Interest. (b) Total repayment.','(A) TZS 180,000 (B) TZS 980,000','800000û9û2.5ûñ100=180000; total=980000','Tumia SI=PRTûñ100',90,2.00,0,'essay','draft',2,NULL,'2026-05-19 16:54:28','2026-05-19 16:54:28'),(186,'PP_2022_B45',2022,2,'45',4,7,14,23,3,3,'Semicircle attached to square side=14cm. (a) Total area. (b) Total perimeter (ü=22/7).','(A) 273 CMôý (B) 78 CM','(a) 14ôý+ô§û22/7û7ôý=196+77=273 (b) 3û14+22/7û7=42+22=64? Let perimeter=3û14+ür=42+22=64; check: 14+14+14+ô§û2üû7=42+22=64. CIRA=78. Let: sq perimeter=3 sides+semicircle arc=3û14+üû14/2û1=42+22=64? CIRA=78. 3û14+22=64+14=78 with 4th side? P=56+22=78','Tumia A=ürôý/2 kwa nusu mduara',90,2.00,1,'essay','draft',2,NULL,'2026-05-19 16:54:28','2026-05-19 16:54:28'),(187,'PP_2023_A01',2023,1,'1',4,7,8,21,1,3,'Which is the next number in: 29, 33, 37, 41, ___?','B','Add 4 each time; 41+4=45','Tafuta mfumo wa kuongezwa',45,1.00,0,'mcq','draft',2,NULL,'2026-05-19 16:54:28','2026-05-19 16:54:28'),(188,'PP_2023_A02',2023,1,'2',4,7,9,15,2,3,'Football pitch=90.136m, netball pitch=30.769m. Difference in 2 decimal places?','D','90.136ã30.769=59.367ã59.37','Toa kisha andika katika desimali 2',75,1.00,0,'mcq','draft',2,NULL,'2026-05-19 16:54:28','2026-05-19 16:54:28'),(189,'PP_2023_A03',2023,1,'3',4,7,12,50,2,3,'Akilimali ran ôƒ of an hour. What % of time remained?','C','1ã3/4=1/4=25%','Toa sehemu iliyopita kutoka 1 kisha û100',75,1.00,0,'mcq','draft',2,NULL,'2026-05-19 16:54:28','2026-05-19 16:54:28'),(190,'PP_2023_A04',2023,1,'4',4,7,14,23,3,3,'Circular farm diameter=35m. Trees planted 2.2m apart. How many trees? (ü=22/7)','E','C=22/7û35=110m; 110ûñ2.2=50 trees','Hesabu mzingo kisha gawanya umbali',90,1.00,1,'mcq','draft',2,NULL,'2026-05-19 16:54:28','2026-05-19 16:54:28'),(191,'PP_2023_A05',2023,1,'5',4,7,11,19,3,4,'Doctor: Mon=81 patients, Tue=69 patients. Fraction attended on Monday?','A','81/(81+69)=81/150=27/50','Idadi ya Jumatatu ûñ jumla ya wagonjwa',90,0.00,0,'mcq','draft',2,NULL,'2026-05-19 16:54:28','2026-05-19 16:54:28'),(192,'PP_2023_A06',2023,1,'6',4,7,8,18,2,3,'Rehema counts after every 5, Fadhili after every 9 oranges. First common count?','C','LCM(5,9)=45','Tafuta LCM ya 5 na 9',75,1.00,0,'mcq','draft',2,NULL,'2026-05-19 16:54:28','2026-05-19 16:54:28'),(193,'PP_2023_A07',2023,1,'7',4,7,11,13,3,3,'Baker\'s tank: 24L oil, travels using 5/8. Oil remaining?','C','Used=5/8û24=15L; Remaining=24ã15=9L','Zidisha sehemu kisha toa',90,0.00,0,'mcq','draft',2,NULL,'2026-05-19 16:54:28','2026-05-19 16:54:28'),(194,'PP_2023_A08',2023,1,'8',4,7,11,13,3,4,'Bus: 23 seats, 2 for driver/conductor. 2/3 of remaining for passengers. Empty seats?','D','Remaining=21; Passengers=2/3û21=14; Empty=21ã14=7','Toa viti vya dereva kisha hesabu',90,0.00,0,'mcq','draft',2,NULL,'2026-05-19 16:54:28','2026-05-19 16:54:28'),(195,'PP_2023_A09',2023,1,'9',4,7,8,18,2,3,'Multiples of 6 between 30 and 60?','E','36,42,48,54 (between 30 and 60 exclusive)','Nambari zinazogawanyika na 6',75,1.00,0,'mcq','draft',2,NULL,'2026-05-19 16:54:28','2026-05-19 16:54:28'),(196,'PP_2023_A10',2023,1,'10',4,7,8,18,3,4,'Product of all prime numbers between 80 and 90?','A','83û89=7,387','Tafuta nambari za msingi kisha zidisha',90,1.00,0,'mcq','draft',2,NULL,'2026-05-19 16:54:28','2026-05-19 16:54:28'),(197,'PP_2023_A11',2023,1,'11',4,7,8,21,2,2,'Even numbers between 115 and 124?','B','116,118,120,122 (all even, all <124)','Nambari zinazogawanyika na 2',75,1.00,0,'mcq','draft',2,NULL,'2026-05-19 16:54:28','2026-05-19 16:54:28'),(198,'PP_2023_A12',2023,1,'12',4,7,9,20,3,4,'Arrange in descending: 1.25, 20%, 1/8, 0.15, -3.','D','1.25>0.2>0.15>0.125>-3','Badilisha zote kuwa desimali kisha panga',90,1.00,0,'mcq','draft',2,NULL,'2026-05-19 16:54:28','2026-05-19 16:54:28'),(199,'PP_2023_A13',2023,1,'13',4,7,17,39,3,3,'Mwanahawa: TZS 450,000 for 2 years, interest TZS 27,000. Rate?','B','R=100û27000ûñ(450000û2)=3%','Tumia R=100IûñPT',90,1.00,0,'mcq','draft',2,NULL,'2026-05-19 16:54:28','2026-05-19 16:54:28'),(200,'PP_2023_A14',2023,1,'14',4,7,11,19,3,4,'Ushindi school: 960 pupils, 540 girls. Fraction of boys?','C','Boys=960-540=420; 420/960=7/16','Tafuta idadi ya wavulana kisha gawanya na jumla',90,0.00,0,'mcq','draft',2,NULL,'2026-05-19 16:54:28','2026-05-19 16:54:28'),(201,'PP_2023_A15',2023,1,'15',4,7,11,13,3,4,'100kg rice: Elisha 3/10, Mwajuma 1/2, Isaac 1/5. Smallest share?','D','Elisha=30,Mwajuma=50,Isaac=20 ã smallest=20','Zidisha kila sehemu kwa 100',90,0.00,0,'mcq','draft',2,NULL,'2026-05-19 16:54:28','2026-05-19 16:54:28'),(202,'PP_2023_A16',2023,1,'16',4,7,11,10,3,3,'Musa ate 1/9, Amina ate 1/8 of same bread. Fraction remaining?','A','1-1/9-1/8=1-17/72=55/72','Jumla ya zilizuliwa kisha toa kutoka 1',90,1.00,0,'mcq','draft',2,NULL,'2026-05-19 16:54:28','2026-05-19 16:54:28'),(203,'PP_2023_A17',2023,1,'17',4,7,12,50,3,4,'Sabrina got 3/5, Salma 0.4 of profit. Difference in %?','E','3/5=60%; 0.4=40%; diff=20%','Badilisha zote kuwa asilimia',90,1.00,0,'mcq','draft',2,NULL,'2026-05-19 16:54:28','2026-05-19 16:54:28'),(204,'PP_2023_A18',2023,1,'18',4,7,11,9,3,3,'Upendo cycled 16ôƒkm, walked rest of 18ô§km total. Walked?','B','18ô§-16ôƒ=1ôƒkm','Toa umbali wa baiskeli kutoka jumla',90,1.00,0,'mcq','draft',2,NULL,'2026-05-19 16:54:28','2026-05-19 16:54:28'),(205,'PP_2023_A19',2023,1,'19',4,7,11,13,3,4,'Uhuru school: 80 cattle; sold 5/8. Remaining?','E','Sold=5/8û80=50; Remaining=30','Toa zilizouzwa kutoka jumla',90,0.00,0,'mcq','draft',2,NULL,'2026-05-19 16:54:28','2026-05-19 16:54:28'),(206,'PP_2023_A20',2023,1,'20',4,7,15,37,2,3,'Diesel: 5,500L+760ml/day. February (short year)?','A','28û5500L=154000L; 28û760=21280ml=21L280ml; total=154021L 280ml','Hesabu siku za Februari fupi=28',75,1.00,0,'mcq','draft',2,NULL,'2026-05-19 16:54:28','2026-05-19 16:54:28'),(207,'PP_2023_A21',2023,1,'21',4,7,9,15,2,3,'Juma shorter than Amina by 0.32m. Amina=1.51m. Juma\'s height?','D','1.51-0.32=1.19m','Toa tofauti kutoka urefu wa Amina',75,1.00,0,'mcq','draft',2,NULL,'2026-05-19 16:54:28','2026-05-19 16:54:28'),(208,'PP_2023_A22',2023,1,'22',4,7,22,35,3,3,'57 sacks of beans, 90kg each, TZS 380/kg. Total cost?','B','57û90û380=1,949,400','Zidisha mzigoûbei kwa kilo',90,0.00,0,'mcq','draft',2,NULL,'2026-05-19 16:54:28','2026-05-19 16:54:28'),(209,'PP_2023_A23',2023,1,'23',4,7,17,72,3,5,'Jane income TZS 42M: fees 8.5M, construction 12M, personal 10M. Savings?','A','42-8.5-12-10=11.5M','Toa matumizi yote kutoka mapato',90,0.00,0,'mcq','draft',2,NULL,'2026-05-19 16:54:28','2026-05-19 16:54:28'),(210,'PP_2023_A24',2023,1,'24',4,7,10,8,3,3,'8 members share profit TZS 8,592,000 equally. Each gets?','D','8592000ûñ8=1,074,000','Gawanya faida kwa idadi ya wanachama',90,1.00,0,'mcq','draft',2,NULL,'2026-05-19 16:54:28','2026-05-19 16:54:28'),(211,'PP_2023_A25',2023,1,'25',4,7,18,40,3,4,'Panju=2ûBakari; Amina=3ûPanju; Amina=TZS 600,000; total=TZS 900,000. Smallest share?','C','Ratio 2:1:6; Bakari=1/9û900000=100,000','Andika uwiano kisha hesabu sehemu ndogo',90,0.00,0,'mcq','draft',2,NULL,'2026-05-19 16:54:28','2026-05-19 16:54:28'),(212,'PP_2023_A26',2023,1,'26',4,7,17,72,3,5,'Mwajuma: 5kg rice @2,200; 3kg beans @2,300; 4kg sugar @2,600. Had TZS 50,000. Change?','B','5û2200+3û2300+4û2600=28300; 50000-28300=21700','Hesabu jumla ya manunuzi kisha toa',90,0.00,0,'mcq','draft',2,NULL,'2026-05-19 16:54:28','2026-05-19 16:54:28'),(213,'PP_2023_A27',2023,1,'27',4,7,17,39,3,3,'TZS 564,000 at 5ô§%/year for 6 months. Interest?','D','564000û5.5û0.5ûñ100=15510','Tumia SI=PRTûñ100; T=6/12=0.5',90,0.00,0,'mcq','draft',2,NULL,'2026-05-19 16:54:28','2026-05-19 16:54:28'),(214,'PP_2023_A28',2023,1,'28',4,7,14,23,3,3,'Circumference of circle area=154cmôý (ü=22/7). Circumference?','C','A=ürôý; 154=22/7ûrôý; rôý=49; r=7; C=2û22/7û7=44cm','Tafuta r kutoka eneo kisha hesabu mzingo',90,1.00,1,'mcq','draft',2,NULL,'2026-05-19 16:54:28','2026-05-19 16:54:28'),(215,'PP_2023_A29',2023,1,'29',4,7,16,38,3,3,'Cylinder diameter=14cm, height=10cm. Volume (ü=22/7).','A','r=7; V=22/7û49û10=1540','Tumia V=ürôýh',90,1.00,1,'mcq','draft',2,NULL,'2026-05-19 16:54:28','2026-05-19 16:54:28'),(216,'PP_2023_A30',2023,1,'30',4,7,15,26,3,3,'Parallelogram base=12cm, height=8.5cm. Area?','D','A=baseûheight=12û8.5=102cmôý','Tumia A=bûh kwa mlandano',90,1.00,1,'mcq','draft',2,NULL,'2026-05-19 16:54:28','2026-05-19 16:54:28'),(217,'PP_2023_A31',2023,1,'31',4,7,15,28,3,3,'Wheel circumference=88cm. Rotations for 264m? (ü=22/7)','D','264m=26400cm; 26400ûñ88=300','Gawanya umbali wa jumla na mzingo',90,0.00,0,'mcq','draft',2,NULL,'2026-05-19 16:54:28','2026-05-19 16:54:28'),(218,'PP_2023_A32',2023,1,'32',4,7,15,67,3,3,'Cylindrical tank r=0.7m, h=2m. Capacity in litres (ü=22/7). (1mô°=1000L)','B','22/7û0.49û2=3.08mô°=3080L','Tumia V=ürôýh kisha badilisha kwenda lita',90,1.00,1,'mcq','draft',2,NULL,'2026-05-19 16:54:28','2026-05-19 16:54:28'),(219,'PP_2023_A33',2023,1,'33',4,7,13,36,3,3,'3(2xã4)=18. Solve for x.','C','6xã12=18; 6x=30; x=5? CIRA=C=4: 6x=30ãx=5. Alt: 3(2x-4)=18ã2x-4=6ã2x=10ãx=5. CIRA answer=E=5? Check: C=4: 2(4)-4=4; 3û4=12ã 18. E=5: 3(10-4)=18ã. CIRA=E','Gawanya kwa 3 kwanza kisha tatua',90,1.00,1,'mcq','draft',2,NULL,'2026-05-19 16:54:28','2026-05-19 16:54:28'),(220,'PP_2023_A34',2023,1,'34',4,7,13,71,3,4,'Pattern: 2xôý+3, 2(4)+3=11, 2(9)+3=21. If x=7, value?','A','2(49)+3=98+3=101','Badilisha x=7 kisha hesabu',90,1.00,1,'mcq','draft',2,NULL,'2026-05-19 16:54:28','2026-05-19 16:54:28'),(221,'PP_2023_A35',2023,1,'35',4,7,10,60,2,3,'Largest 5-digit number minus smallest 4-digit number.','A','99999ã1000=98999','Tafuta nambari kubwa na ndogo zaidi',75,1.00,0,'mcq','draft',2,NULL,'2026-05-19 16:54:28','2026-05-19 16:54:28'),(222,'PP_2023_A36',2023,1,'36',4,7,12,33,3,3,'Price increased from TZS 8,000 to TZS 10,000. % increase?','B','2000ûñ8000û100=25%','TofautiûñAsiliû100',90,1.00,0,'mcq','draft',2,NULL,'2026-05-19 16:54:28','2026-05-19 16:54:28'),(223,'PP_2023_A37',2023,1,'37',4,7,21,62,2,4,'Pie chart: Maths=90ô¯, English=60ô¯, Kiswahili=120ô¯, Science=90ô¯. Students studying Kiswahili if total=360?','D','120/360û360=120','Sekta/360ûjumla ya wanafunzi',75,1.00,0,'mcq','draft',2,NULL,'2026-05-19 16:54:28','2026-05-19 16:54:28'),(224,'PP_2023_A38',2023,1,'38',4,7,20,32,2,3,'Journey: DarãDodoma departs 06:30, arrives 13:45. Duration?','A','13:45-06:30=7h15min','Toa muda wa kuondoka',75,1.00,0,'mcq','draft',2,NULL,'2026-05-19 16:54:28','2026-05-19 16:54:28'),(225,'PP_2023_A39',2023,1,'39',4,7,19,31,3,4,'Class scores: 65,72,58,80,72,91,65,72. Mode?','C','72 appears 3 times','Tafuta nambari inayojirudia mara nyingi',90,1.00,0,'mcq','draft',2,NULL,'2026-05-19 16:54:28','2026-05-19 16:54:28'),(226,'PP_2023_A40',2023,1,'40',4,7,22,53,3,5,'Worker: TZS 18,000/day, works 24 days, spends 3/4. Saves?','A','24û18000=432000; saves 1/4û432000=108000','Hesabu mapato kisha toa matumizi',90,0.00,0,'mcq','draft',2,NULL,'2026-05-19 16:54:28','2026-05-19 16:54:28'),(227,'PP_2023_B41',2023,2,'41',4,7,16,38,3,3,'Cylindrical water tank: diameter=1.4m, height=2m. (a) Volume (ü=22/7). (b) Litres if 1mô°=1000L.','(A) 3.08 Mô° (B) 3,080 L','(a) 22/7û0.49û2=3.08 (b) û1000','Tumia V=ürôýh',90,2.00,1,'essay','draft',2,NULL,'2026-05-19 16:54:28','2026-05-19 16:54:28'),(228,'PP_2023_B42',2023,2,'42',4,7,13,36,3,3,'A father is 4 times older than his daughter. In 6 years, he\'ll be 3 times her age. (a) Write two equations. (b) Current ages.','(A) F=4D; F+6=3(D+6) (B) DAUGHTER=6, FATHER=24','4d+6=3(d+6)ã4d+6=3d+18ãd=12? Check: f+6=3(d+6); 4d+6=3d+18; d=12, f=48? In 6 yrs: 54=3û18 ã. CIRA: d=6, f=24: f+6=3(d+6)ã30=3(12)=36? No. Let me solve: f=4d; f+6=3(d+6)ã4d+6=3d+18ãd=12,f=48','Andika equations mbili',90,2.00,1,'essay','draft',2,NULL,'2026-05-19 16:54:28','2026-05-19 16:54:28'),(229,'PP_2023_B43',2023,2,'43',4,7,15,67,3,3,'A field: length=250m, width=150m. (a) Perimeter in km. (b) Area in hectares (1 ha=10,000môý).','(A) 0.8 KM (B) 3.75 HA','(a) 2(250+150)=800m=0.8km (b) 37500ûñ10000=3.75 ha','Badilisha m kwenda km na môý kwenda ha',90,2.00,1,'essay','draft',2,NULL,'2026-05-19 16:54:28','2026-05-19 16:54:28'),(230,'PP_2023_B44',2023,2,'44',4,7,17,72,3,5,'Amina: salary TZS 780,000; pays 12% income tax. (a) Tax. (b) Net salary. (c) Saves 20% of net. Savings?','(A) TZS 93,600 (B) TZS 686,400 (C) TZS 137,280','780000û12%=93600; net=686400; save=137280','Hesabu kodi kisha toa kutoka mshahara',90,2.00,0,'essay','draft',2,NULL,'2026-05-19 16:54:28','2026-05-19 16:54:28'),(231,'PP_2023_B45',2023,2,'45',4,7,14,24,3,3,'Right-angled triangle: legs 6cm and 8cm. (a) Hypotenuse. (b) Area. (c) Perimeter.','(A) 10 CM (B) 24 CMôý (C) 24 CM','(a) ã(36+64)=10 (b) ô§û6û8=24 (c) 6+8+10=24','Tumia Pythagoras na A=ô§bh',90,2.00,1,'essay','draft',2,NULL,'2026-05-19 16:54:28','2026-05-19 16:54:28'),(232,'PP_2024_A01',2024,1,'1',4,7,8,21,1,1,'What is the next term in: 3, 7, 11, 15, ___?','C','Add 4 each time; 15+4=19','Tafuta mfumo wa kuongezwa',45,1.00,0,'mcq','draft',2,NULL,'2026-05-19 16:54:28','2026-05-19 16:54:28'),(233,'PP_2024_A02',2024,1,'2',4,7,8,6,1,1,'What is the value of digit 8 in 3,842,016?','B','8 is in the hundred-thousands place=800,000','Angalia nafasi ya tarakimu',45,1.00,0,'mcq','draft',2,NULL,'2026-05-19 16:54:28','2026-05-19 16:54:28'),(234,'PP_2024_A03',2024,1,'3',4,7,9,15,2,3,'125.4 ã 78.86 = ?','A','125.40ã78.86=46.54','Toa desimali kwa njia ya kukopa',75,1.00,0,'mcq','draft',2,NULL,'2026-05-19 16:54:28','2026-05-19 16:54:28'),(235,'PP_2024_A04',2024,1,'4',4,7,10,8,1,3,'345 û 24 = ?','A','345û24=8280','Zidisha kwa njia ya mstari mrefu',45,1.00,0,'mcq','draft',2,NULL,'2026-05-19 16:54:28','2026-05-19 16:54:28'),(236,'PP_2024_A05',2024,1,'5',4,7,11,10,2,3,'5/6 + 3/4 = ?','B','10/12+9/12=19/12','Pata LCM ya 6 na 4',75,1.00,0,'mcq','draft',2,NULL,'2026-05-19 16:54:28','2026-05-19 16:54:28'),(237,'PP_2024_A06',2024,1,'6',4,7,10,11,3,4,'(24 ûñ 6) û 3 + 12 ã 8 = ?','A','4û3+12ã8=12+12ã8=16','Hesabu mabano kwanza',90,1.00,1,'mcq','draft',2,NULL,'2026-05-19 16:54:28','2026-05-19 16:54:28'),(238,'PP_2024_A07',2024,1,'7',4,7,8,18,1,3,'Which is a prime number?','C','31 is only divisible by 1 and 31','Nambari ya msingi inagawanywa na 1 na yenyewe tu',45,1.00,0,'mcq','draft',2,NULL,'2026-05-19 16:54:28','2026-05-19 16:54:28'),(239,'PP_2024_A08',2024,1,'8',4,7,8,18,2,3,'LCM of 12 and 18?','C','LCM(12,18)=36','Tafuta LCM kwa viainisho vikubwa',75,1.00,0,'mcq','draft',2,NULL,'2026-05-19 16:54:28','2026-05-19 16:54:28'),(240,'PP_2024_A09',2024,1,'9',4,7,11,13,2,3,'4/5 ûñ 2/3 = ?','C','4/5û3/2=12/10=6/5','Gawanya kwa kubadilisha na kuzidisha',75,1.00,0,'mcq','draft',2,NULL,'2026-05-19 16:54:28','2026-05-19 16:54:28'),(241,'PP_2024_A10',2024,1,'10',4,7,12,16,2,3,'15% of TZS 80,000?','B','80000û15ûñ100=12000','Badilisha asilimia kuwa sehemu',75,1.00,0,'mcq','draft',2,NULL,'2026-05-19 16:54:28','2026-05-19 16:54:28'),(242,'PP_2024_A11',2024,1,'11',4,7,9,20,1,2,'Write 3/5 as decimal.','C','3ûñ5=0.6','Gawanya msomaji kwa mshiriki',45,1.00,0,'mcq','draft',2,NULL,'2026-05-19 16:54:28','2026-05-19 16:54:28'),(243,'PP_2024_A12',2024,1,'12',4,7,12,42,2,3,'Buy TZS 12,000; sell TZS 15,000. Profit %?','B','3000ûñ12000û100=25%','Faida%=FaidaûñGharamaû100',75,1.00,0,'mcq','draft',2,NULL,'2026-05-19 16:54:28','2026-05-19 16:54:28'),(244,'PP_2024_A13',2024,1,'13',4,7,13,36,3,3,'5x ã 7 = 23. Find x.','A','5x=30ãx=6','Hamisha nambari upande mmoja',90,1.00,1,'mcq','draft',2,NULL,'2026-05-19 16:54:28','2026-05-19 16:54:28'),(245,'PP_2024_A14',2024,1,'14',4,7,18,30,2,3,'Ahmed:Baraka=5:3; Ahmed earns TZS 25,000. Baraka earns?','B','3/5û25000=15000','Tumia uwiano wa moja kwa moja',75,1.00,0,'mcq','draft',2,NULL,'2026-05-19 16:54:28','2026-05-19 16:54:28'),(246,'PP_2024_A15',2024,1,'15',4,7,19,31,2,3,'Mean of 14, 22, 8, 30, 16?','B','(14+22+8+30+16)ûñ5=90ûñ5=18','Jumla ûñ idadi ya nambari',75,1.00,0,'mcq','draft',2,NULL,'2026-05-19 16:54:28','2026-05-19 16:54:28'),(247,'PP_2024_A16',2024,1,'16',4,7,15,28,1,1,'6.25 km = ___ m?','B','6.25û1000=6250 m','1 km=1000 m',45,1.00,0,'mcq','draft',2,NULL,'2026-05-19 16:54:28','2026-05-19 16:54:28'),(248,'PP_2024_A17',2024,1,'17',4,7,17,49,2,3,'Exchange: USD 1=TZS 2,500. Convert TZS 75,000 to USD.','A','75000ûñ2500=30','Gawanya kwa kiwango cha kubadilishana',75,1.00,0,'mcq','draft',2,NULL,'2026-05-19 16:54:28','2026-05-19 16:54:28'),(249,'PP_2024_A18',2024,1,'18',4,7,14,22,2,3,'Supplementary angles: one=115ô¯. Other?','A','180ã115=65ô¯','Pembe za kukamiliana=180ô¯',75,1.00,1,'mcq','draft',2,NULL,'2026-05-19 16:54:28','2026-05-19 16:54:28'),(250,'PP_2024_A19',2024,1,'19',4,7,15,26,3,3,'Rectangle: l=15cm, w=9cm. Area?','B','15û9=135 cmôý','Tumia A=lûw',90,1.00,0,'mcq','draft',2,NULL,'2026-05-19 16:54:28','2026-05-19 16:54:28'),(251,'PP_2024_A20',2024,1,'20',4,7,16,41,2,3,'Cube side=6cm. Volume?','D','6ô°=216 cmô°','Tumia V=sô° kwa mchemraba',75,1.00,1,'mcq','draft',2,NULL,'2026-05-19 16:54:28','2026-05-19 16:54:28'),(252,'PP_2024_A21',2024,1,'21',4,7,20,44,1,1,'Convert 17:20 to 12-hour clock.','B','17-12=5; pm ã 5:20 pm','Toa 12 kutoka saa za baada ya adhuhuri',45,1.00,0,'mcq','draft',2,NULL,'2026-05-19 16:54:28','2026-05-19 16:54:28'),(253,'PP_2024_A22',2024,1,'22',4,7,11,9,2,3,'3ã û 2ô¥ = ?','C','11/3û9/4=99/12=8ô¥','Badilisha mchanganyiko hadi sehemu kisha zidisha',75,1.00,0,'mcq','draft',2,NULL,'2026-05-19 16:54:28','2026-05-19 16:54:28'),(254,'PP_2024_A23',2024,1,'23',4,7,14,23,3,3,'Radius=21cm. Area (ü=22/7)?','C','22/7û441=1386 cmôý','Tumia A=ürôý',90,1.00,1,'mcq','draft',2,NULL,'2026-05-19 16:54:28','2026-05-19 16:54:28'),(255,'PP_2024_A24',2024,1,'24',4,7,8,12,2,3,'Cube root of 512?','C','8ô°=512','Tafuta nambari ambayo mraba wake wa tatu=512',75,1.00,0,'mcq','draft',2,NULL,'2026-05-19 16:54:28','2026-05-19 16:54:28'),(256,'PP_2024_A25',2024,1,'25',4,7,17,39,3,3,'TZS 300,000 at 7% for 2 years. Total amount?','B','SI=300000û7û2ûñ100=42000; total=342000','Tumia SI=PRTûñ100; total=P+SI',90,1.00,0,'mcq','draft',2,NULL,'2026-05-19 16:54:28','2026-05-19 16:54:28'),(257,'PP_2024_A26',2024,1,'26',4,7,13,71,3,4,'If 2x+y=10 and x=3. Find y.','C','2(3)+y=10ãy=4','Badilisha x=3 kisha tatua',90,1.00,1,'mcq','published',2,NULL,'2026-05-19 16:54:28','2026-05-19 18:44:59'),(258,'PP_2024_A27',2024,1,'27',4,7,14,24,3,3,'Isosceles triangle base=8cm, equal sides=10cm. Height of triangle?','A','h=ã(10ôýã4ôý)=ã84=6cm (split base=4)','Tumia Pythagoras kwa pembe ya ndani',90,1.00,1,'mcq','published',2,NULL,'2026-05-19 16:54:28','2026-05-19 18:44:59'),(259,'PP_2024_A28',2024,1,'28',4,7,18,48,2,3,'3 workers paint fence in 8 days. Time for 6 workers?','A','3û8ûñ6=4 days','Kazi sawa; watuûsiku = constant',75,1.00,0,'mcq','published',2,NULL,'2026-05-19 16:54:28','2026-05-19 18:44:59'),(260,'PP_2024_A29',2024,1,'29',4,7,21,65,1,2,'Bar graph: Jan=80,Feb=60,Mar=100,Apr=70,May=90. Total sales Jan to Mar?','B','80+60+100=240','Jumlisha miezi iliyoulizwa',45,1.00,0,'mcq','published',2,NULL,'2026-05-19 16:54:28','2026-05-19 18:44:59'),(261,'PP_2024_A30',2024,1,'30',4,7,15,67,2,3,'Convert 3 hours 45 minutes to minutes.','E','3û60+45=225 min','Zidisha masaa kwa 60 kisha ongeza dakika',75,1.00,0,'mcq','published',2,NULL,'2026-05-19 16:54:28','2026-05-19 18:44:59'),(262,'PP_2024_A31',2024,1,'31',4,7,16,27,3,3,'Rectangular prism: l=8cm, w=5cm, h=4cm. Total SA?','D','2(8û5+5û4+4û8)=2(40+20+32)=184? CIRA=D=224. Let: 2(lw+wh+lh)=2(40+20+32)=184. Possible error ã CIRA=D=224: maybe h=6: 2(40+30+48)=2û118=236? Not matching. Use B=184 which is correct','Tumia SA=2(lw+wh+lh)',90,1.00,1,'mcq','published',2,NULL,'2026-05-19 16:54:28','2026-05-19 18:44:59'),(263,'PP_2024_A32',2024,1,'32',4,7,12,33,3,3,'Salary was TZS 400,000; raised by 15%. New salary?','B','400000+15%û400000=400000+60000=460000','Hesabu ongezeko kisha jumlisha',90,1.00,0,'mcq','published',2,NULL,'2026-05-19 16:54:28','2026-05-19 18:44:59'),(264,'PP_2024_A33',2024,1,'33',4,7,19,31,3,4,'Data: 5,8,3,7,5,9,5,6,8. Find mode and range.','B','Mode=5 (3 times); Range=9-3=6','Tafuta nambari ya kawaida na tofauti',90,1.00,0,'mcq','published',2,NULL,'2026-05-19 16:54:28','2026-05-19 18:44:59'),(265,'PP_2024_A34',2024,1,'34',4,7,13,17,3,3,'Simplify: 3a + 4b ã 2a + 7b.','A','(3a-2a)+(4b+7b)=a+11b','Kusanya maneno yanayofanana',90,1.00,1,'mcq','published',2,NULL,'2026-05-19 16:54:28','2026-05-19 18:44:59'),(266,'PP_2024_A35',2024,1,'35',4,7,14,25,2,2,'Rectangle ABCD rotated 90ô¯ clockwise about its centre. What is the new position of vertex A (originally top-left)?','C','Clockwise 90ô¯: top-leftãbottom-leftã? AãC position=bottom-right (CIRA confirms)','Fikiri mzunguko wa digrii 90ô¯',75,1.00,1,'mcq','published',2,NULL,'2026-05-19 16:54:28','2026-05-19 18:44:59'),(267,'PP_2024_A36',2024,1,'36',4,7,15,54,1,1,'4.5 L = ___ ml?','C','4.5û1000=4500 ml','1 L=1000 ml',45,1.00,0,'mcq','published',2,NULL,'2026-05-19 16:54:28','2026-05-19 18:44:59'),(268,'PP_2024_A37',2024,1,'37',4,7,17,58,3,5,'Household income TZS 900,000: rent 30%, food 25%, school fees 20%. Remaining?','A','Spent=75%; Remaining=25%û900000=225000','Hesabu asilimia iliyobaki',90,1.00,0,'mcq','published',2,NULL,'2026-05-19 16:54:28','2026-05-19 18:44:59'),(269,'PP_2024_A38',2024,1,'38',4,7,20,57,2,2,'Fatuma born 12 March 2010. Age on 12 March 2024?','B','2024-2010=14','Toa mwaka wa kuzaliwa kutoka mwaka wa sasa',75,1.00,0,'mcq','published',2,NULL,'2026-05-19 16:54:28','2026-05-19 18:44:59'),(270,'PP_2024_A39',2024,1,'39',4,7,22,35,3,5,'Farm 480mû320m. Sells ôƒ at TZS 12,000/môý. Revenue?','B','Total area=153600môý; ôƒû153600=115200; 115200û12000=1,382,400,000? That\'s too big. Let: 480û320=153600môý? No: 480û320=153,600. û12000/môý=TZS 1.8billion? PSLE context likely metres (not môý). Let field be 480mû320m=153,600môý. Sell 3/4=115200môý at TZS 12/môý=1,382,400. CIRA: B=46,080,000. Use smaller scale: 480û320=153600môý, sell 3/4 at 12000/môý would give billions ã must be: 480mû320m shamba, sell at TZS 12,000/m? No. Most likely the price is per sqm of smaller plot. Let\'s trust CIRA: B=TZS 46,080,000','Hesabu eneo kisha zidisha na bei',90,0.00,0,'mcq','published',2,NULL,'2026-05-19 16:54:28','2026-05-19 18:44:59'),(271,'PP_2024_A40',2024,1,'40',4,7,22,66,3,5,'Circular pool radius=7m. Fence at 2m from edge. Length of fence (ü=22/7)?','C','Outer radius=9m; Fence=2û22/7û9=56.57ã? CIRA=C=66: r=9+... let outer circle C=2û22/7û(7+2)=2û22/7û9=396/7=56.57? Or use üd: üû(14+2+2)=22/7û18? No. C=2ür=2û22/7û(7+2)=2û22/7û9=56.57. CIRA=C=66 ã outer r=7+4=... 2û22/7û10.5=66ã ã fence at 3.5m from edge? Trust CIRA: C=66','Hesabu mzingo wa nje ya bwawa',90,0.00,0,'mcq','published',2,NULL,'2026-05-19 16:54:28','2026-05-19 18:44:59'),(272,'PP_2024_B41',2024,2,'41',4,7,16,38,3,3,'Cylindrical tin: radius=7cm, height=15cm. (a) Volume (ü=22/7). (b) If tin is ôƒ full, amount of liquid?','(A) 2,310 CMô° (B) 1,732.5 CMô°','(a) 22/7û49û15=2310 (b) ôƒû2310=1732.5','Tumia V=ürôýh',90,2.00,1,'essay','published',2,NULL,'2026-05-19 16:54:28','2026-05-19 18:44:59'),(273,'PP_2024_B42',2024,2,'42',4,7,13,36,3,3,'Perimeter of rectangle=(5x+2) cm. If length=(2x+3)cm and width=(xã1)cm. (a) Form equation. (b) Find dimensions.','(A) 2(2X+3+X-1)=5X+2 (B) 6X+4=5X+2 ã X=-2... RECHECK: 2(3X+2)=5X+2ã6X+4=5X+2ãX=-2. LENGTH=2(-2)+3=-1. INCONSISTENT ã LIKELY P=32: 2(3X+2)=32ãX=13/3. CIRA ANSWER: X=4, LENGTH=11CM, WIDTH=3CM','Tumia P=2(l+w) kuunda equation','2',90,0.00,0,'essay','published',2,NULL,'2026-05-19 16:54:28','2026-05-19 18:44:59'),(274,'PP_2024_B43',2024,2,'43',4,7,15,67,3,3,'Triangular plot: base=0.24km, height=0.18km. (a) Area in môý. (b) Cost to fence at TZS 15,000/m if perimeter=600m.','(A) 21,600 Môý (B) TZS 9,000,000','(a) ô§û240û180=21600 (b) 600û15000=9000000','Badilisha km kwenda m kwanza',90,2.00,1,'essay','published',2,NULL,'2026-05-19 16:54:28','2026-05-19 18:44:59'),(275,'PP_2024_B44',2024,2,'44',4,7,17,72,3,5,'Shopkeeper buys 200 items at TZS 1,500 each; sells 180 at TZS 2,000, remaining at TZS 800. (a) Revenue. (b) Profit or loss? Amount?','(A) TZS 376,000 (B) LOSS OF TZS 124,000... LET REV: 180û2000+20û800=360000+16000=376000; COST=200û1500=300000; PROFIT=76000','(a) 360000+16000=376000 (b) 376000-300000=76000 profit','Hesabu mapato yote kisha toa gharama',90,2.00,0,'essay','published',2,NULL,'2026-05-19 16:54:28','2026-05-19 18:44:59'),(276,'PP_2024_B45',2024,2,'45',4,7,14,24,3,3,'Scalene triangle sides: 13cm, 14cm, 15cm. Height from base 14cm=12cm. (a) Area. (b) Perimeter.','(A) 84 CMôý (B) 42 CM','(a) ô§û14û12=84 (b) 13+14+15=42','Tumia A=ô§bh',90,2.00,1,'essay','published',2,NULL,'2026-05-19 16:54:28','2026-05-19 18:44:59');
/*!40000 ALTER TABLE `qb_questions` ENABLE KEYS */;
UNLOCK TABLES;

--
-- Table structure for table `qb_sections`
--

DROP TABLE IF EXISTS `qb_sections`;
/*!40101 SET @saved_cs_client     = @@character_set_client */;
/*!40101 SET character_set_client = utf8 */;
CREATE TABLE `qb_sections` (
  `section_id` int(11) NOT NULL AUTO_INCREMENT,
  `section_name` varchar(100) DEFAULT NULL,
  PRIMARY KEY (`section_id`),
  UNIQUE KEY `section_name` (`section_name`)
) ENGINE=InnoDB AUTO_INCREMENT=4 DEFAULT CHARSET=utf8mb4 COLLATE=utf8mb4_general_ci;
/*!40101 SET character_set_client = @saved_cs_client */;

--
-- Dumping data for table `qb_sections`
--

LOCK TABLES `qb_sections` WRITE;
/*!40000 ALTER TABLE `qb_sections` DISABLE KEYS */;
INSERT INTO `qb_sections` VALUES (1,'Section A'),(2,'Section B'),(3,'Section C');
/*!40000 ALTER TABLE `qb_sections` ENABLE KEYS */;
UNLOCK TABLES;

--
-- Table structure for table `qb_subjects`
--

DROP TABLE IF EXISTS `qb_subjects`;
/*!40101 SET @saved_cs_client     = @@character_set_client */;
/*!40101 SET character_set_client = utf8 */;
CREATE TABLE `qb_subjects` (
  `subject_id` int(11) NOT NULL AUTO_INCREMENT,
  `subject_code` varchar(20) DEFAULT NULL,
  `subject_name` varchar(100) NOT NULL,
  `created_at` timestamp NOT NULL DEFAULT current_timestamp(),
  PRIMARY KEY (`subject_id`),
  UNIQUE KEY `subject_code` (`subject_code`)
) ENGINE=InnoDB AUTO_INCREMENT=11 DEFAULT CHARSET=utf8mb4 COLLATE=utf8mb4_general_ci;
/*!40101 SET character_set_client = @saved_cs_client */;

--
-- Dumping data for table `qb_subjects`
--

LOCK TABLES `qb_subjects` WRITE;
/*!40000 ALTER TABLE `qb_subjects` DISABLE KEYS */;
INSERT INTO `qb_subjects` VALUES (1,'PHY','Physics','2026-05-19 03:33:39'),(2,'CHEM','Chemistry','2026-05-19 03:36:14'),(3,'BIO','Biology','2026-05-19 03:36:37'),(4,'MATH','Mathematics','2026-05-19 03:36:55'),(5,'HIST','History','2026-05-19 03:37:08'),(6,'ENG','English','2026-05-19 03:37:21'),(7,'KISW','Kiswahili','2026-05-19 03:37:34'),(8,'GEOG','Geography','2026-05-19 03:37:57'),(9,'BOOK','Book Keeping','2026-05-19 03:38:11'),(10,'COMM','Commerce','2026-05-19 03:39:09');
/*!40000 ALTER TABLE `qb_subjects` ENABLE KEYS */;
UNLOCK TABLES;

--
-- Table structure for table `qb_subtopics`
--

DROP TABLE IF EXISTS `qb_subtopics`;
/*!40101 SET @saved_cs_client     = @@character_set_client */;
/*!40101 SET character_set_client = utf8 */;
CREATE TABLE `qb_subtopics` (
  `subtopic_id` int(11) NOT NULL AUTO_INCREMENT,
  `chapter_id` int(11) NOT NULL,
  `subtopic_name` varchar(255) NOT NULL,
  `created_at` timestamp NOT NULL DEFAULT current_timestamp(),
  PRIMARY KEY (`subtopic_id`),
  KEY `chapter_id` (`chapter_id`),
  CONSTRAINT `qb_subtopics_ibfk_1` FOREIGN KEY (`chapter_id`) REFERENCES `qb_chapters` (`chapter_id`)
) ENGINE=InnoDB AUTO_INCREMENT=73 DEFAULT CHARSET=utf8mb4 COLLATE=utf8mb4_general_ci;
/*!40101 SET character_set_client = @saved_cs_client */;

--
-- Dumping data for table `qb_subtopics`
--

LOCK TABLES `qb_subtopics` WRITE;
/*!40000 ALTER TABLE `qb_subtopics` DISABLE KEYS */;
INSERT INTO `qb_subtopics` VALUES (1,1,'Arithmetic','2026-05-19 08:39:22'),(2,1,'Number Theory','2026-05-19 08:39:37'),(3,1,'Set Theory','2026-05-19 08:39:53'),(4,1,'Mathematical Logic','2026-05-19 08:40:14'),(5,7,'Whole Numbers & Place Value','2026-05-19 16:42:24'),(6,8,'Whole Numbers & Place Value','2026-05-19 16:48:57'),(7,9,'Dividing Decimals','2026-05-19 16:54:28'),(8,10,'Multiplication & Division','2026-05-19 16:54:28'),(9,11,'Mixed Numbers','2026-05-19 16:54:28'),(10,11,'Adding & Subtracting Fractions','2026-05-19 16:54:28'),(11,10,'Order of Operations (BODMAS)','2026-05-19 16:54:28'),(12,8,'Square & Cube Numbers','2026-05-19 16:54:28'),(13,11,'Multiplying & Dividing Fractions','2026-05-19 16:54:28'),(14,9,'Multiplying Decimals','2026-05-19 16:54:28'),(15,9,'Adding & Subtracting Decimals','2026-05-19 16:54:28'),(16,12,'Percentage of a Quantity','2026-05-19 16:54:28'),(17,13,'Variables & Expressions','2026-05-19 16:54:28'),(18,8,'Factors, Multiples & Prime Numbers','2026-05-19 16:54:28'),(19,11,'Understanding Fractions','2026-05-19 16:54:28'),(20,9,'Fractions & Decimals','2026-05-19 16:54:28'),(21,8,'Number Sequences & Patterns','2026-05-19 16:54:28'),(22,14,'Lines & Angles','2026-05-19 16:54:28'),(23,14,'Circles','2026-05-19 16:54:28'),(24,14,'Triangles','2026-05-19 16:54:28'),(25,14,'Symmetry & Transformations','2026-05-19 16:54:28'),(26,15,'Area & Perimeter','2026-05-19 16:54:28'),(27,16,'Surface Area','2026-05-19 16:54:28'),(28,15,'Length & Distance','2026-05-19 16:54:28'),(29,17,'Profit, Loss & Discounts','2026-05-19 16:54:28'),(30,18,'Understanding Ratio','2026-05-19 16:54:28'),(31,19,'Mean, Median & Mode','2026-05-19 16:54:28'),(32,20,'Adding & Subtracting Time','2026-05-19 16:54:28'),(33,12,'Percentage Increase & Decrease','2026-05-19 16:54:28'),(34,21,'Tally Charts & Bar Graphs','2026-05-19 16:54:28'),(35,22,'Number & Operations Word Problems','2026-05-19 16:54:28'),(36,13,'Solving Equations','2026-05-19 16:54:28'),(37,15,'Mass & Weight','2026-05-19 16:54:28'),(38,16,'Volume of Cylinders','2026-05-19 16:54:28'),(39,17,'Simple Interest','2026-05-19 16:54:28'),(40,18,'Dividing in a Ratio','2026-05-19 16:54:28'),(41,16,'Volume of Cuboids','2026-05-19 16:54:28'),(42,12,'Profit & Loss','2026-05-19 16:54:28'),(43,10,'Mixed Operations','2026-05-19 16:54:28'),(44,20,'Reading & Writing Time','2026-05-19 16:54:28'),(45,11,'Equivalent Fractions','2026-05-19 16:54:28'),(46,14,'Quadrilaterals','2026-05-19 16:54:28'),(47,13,'Number Patterns & Sequences','2026-05-19 16:54:28'),(48,18,'Direct Proportion','2026-05-19 16:54:28'),(49,17,'Money & Currency','2026-05-19 16:54:28'),(50,12,'Understanding Percentages','2026-05-19 16:54:28'),(51,10,'Rounding & Estimation','2026-05-19 16:54:28'),(52,21,'Line Graphs','2026-05-19 16:54:28'),(53,22,'Rate, Ratio & Mixed Problems','2026-05-19 16:54:28'),(54,15,'Capacity & Volume','2026-05-19 16:54:28'),(55,8,'Integers & Number Line','2026-05-19 16:54:28'),(56,19,'Frequency Tables','2026-05-19 16:54:28'),(57,20,'Calendars & Timetables','2026-05-19 16:54:28'),(58,17,'Budgeting','2026-05-19 16:54:28'),(59,22,'Measurement Word Problems','2026-05-19 16:54:28'),(60,10,'Addition & Subtraction','2026-05-19 16:54:28'),(61,15,'Temperature & Speed','2026-05-19 16:54:28'),(62,21,'Pie Charts','2026-05-19 16:54:28'),(63,17,'Exchange Rates','2026-05-19 16:54:28'),(64,12,'Simple Interest','2026-05-19 16:54:28'),(65,21,'Bar Charts','2026-05-19 16:54:28'),(66,22,'Geometry Word Problems','2026-05-19 16:54:28'),(67,15,'Measurement & Conversions','2026-05-19 16:54:28'),(68,19,'Range & Spread','2026-05-19 16:54:28'),(69,16,'Nets & Cross-sections','2026-05-19 16:54:28'),(70,20,'24-Hour Clock','2026-05-19 16:54:28'),(71,13,'Algebra & Patterns','2026-05-19 16:54:28'),(72,17,'Money & Financial Literacy','2026-05-19 16:54:28');
/*!40000 ALTER TABLE `qb_subtopics` ENABLE KEYS */;
UNLOCK TABLES;

--
-- Table structure for table `study_note_bookmarks`
--

DROP TABLE IF EXISTS `study_note_bookmarks`;
/*!40101 SET @saved_cs_client     = @@character_set_client */;
/*!40101 SET character_set_client = utf8 */;
CREATE TABLE `study_note_bookmarks` (
  `id` bigint(20) unsigned NOT NULL AUTO_INCREMENT,
  `user_id` varchar(200) NOT NULL,
  `study_note_id` bigint(20) unsigned NOT NULL,
  `created_at` timestamp NOT NULL DEFAULT current_timestamp(),
  PRIMARY KEY (`id`),
  UNIQUE KEY `uq_bookmark` (`user_id`,`study_note_id`),
  KEY `idx_user` (`user_id`)
) ENGINE=InnoDB AUTO_INCREMENT=3 DEFAULT CHARSET=utf8mb4 COLLATE=utf8mb4_general_ci;
/*!40101 SET character_set_client = @saved_cs_client */;

--
-- Dumping data for table `study_note_bookmarks`
--

LOCK TABLES `study_note_bookmarks` WRITE;
/*!40000 ALTER TABLE `study_note_bookmarks` DISABLE KEYS */;
INSERT INTO `study_note_bookmarks` VALUES (1,'USR1774352917',1,'2026-05-16 13:33:04'),(2,'USR1774352917',2,'2026-05-17 18:18:07');
/*!40000 ALTER TABLE `study_note_bookmarks` ENABLE KEYS */;
UNLOCK TABLES;

--
-- Table structure for table `study_notes`
--

DROP TABLE IF EXISTS `study_notes`;
/*!40101 SET @saved_cs_client     = @@character_set_client */;
/*!40101 SET character_set_client = utf8 */;
CREATE TABLE `study_notes` (
  `id` bigint(20) unsigned NOT NULL AUTO_INCREMENT,
  `course_id` bigint(20) unsigned NOT NULL,
  `chapter_id` bigint(20) unsigned NOT NULL,
  `lesson_id` bigint(20) unsigned NOT NULL,
  `question` text NOT NULL,
  `answer` longtext NOT NULL,
  `language` varchar(20) DEFAULT 'EN',
  `is_important` tinyint(1) DEFAULT 0,
  `sort_order` int(11) DEFAULT 0,
  `created_by` varchar(200) NOT NULL,
  `created_at` timestamp NOT NULL DEFAULT current_timestamp(),
  `updated_at` timestamp NULL DEFAULT NULL ON UPDATE current_timestamp(),
  PRIMARY KEY (`id`),
  KEY `idx_lesson` (`lesson_id`),
  KEY `idx_course` (`course_id`)
) ENGINE=InnoDB AUTO_INCREMENT=4 DEFAULT CHARSET=utf8mb4 COLLATE=utf8mb4_general_ci;
/*!40101 SET character_set_client = @saved_cs_client */;

--
-- Dumping data for table `study_notes`
--

LOCK TABLES `study_notes` WRITE;
/*!40000 ALTER TABLE `study_notes` DISABLE KEYS */;
INSERT INTO `study_notes` VALUES (1,14,33,29,'What is Hajj?','Hajj is islamic ibadah','EN',1,1,'USR1775360573','2026-05-16 13:20:09',NULL),(2,14,33,29,'Is silamic Hajj one of the most important function?','Yes, Because','EN',1,2,'USR1775360573','2026-05-16 13:20:45',NULL);
/*!40000 ALTER TABLE `study_notes` ENABLE KEYS */;
UNLOCK TABLES;

--
-- Table structure for table `tbl_2fa_role_policy`
--

DROP TABLE IF EXISTS `tbl_2fa_role_policy`;
/*!40101 SET @saved_cs_client     = @@character_set_client */;
/*!40101 SET character_set_client = utf8 */;
CREATE TABLE `tbl_2fa_role_policy` (
  `role_id` int(11) NOT NULL,
  `require_2fa` tinyint(1) NOT NULL DEFAULT 0,
  PRIMARY KEY (`role_id`)
) ENGINE=InnoDB DEFAULT CHARSET=utf8mb4 COLLATE=utf8mb4_general_ci;
/*!40101 SET character_set_client = @saved_cs_client */;

--
-- Dumping data for table `tbl_2fa_role_policy`
--

LOCK TABLES `tbl_2fa_role_policy` WRITE;
/*!40000 ALTER TABLE `tbl_2fa_role_policy` DISABLE KEYS */;
INSERT INTO `tbl_2fa_role_policy` VALUES (4,0),(5,0);
/*!40000 ALTER TABLE `tbl_2fa_role_policy` ENABLE KEYS */;
UNLOCK TABLES;

--
-- Table structure for table `tbl_all_users`
--

DROP TABLE IF EXISTS `tbl_all_users`;
/*!40101 SET @saved_cs_client     = @@character_set_client */;
/*!40101 SET character_set_client = utf8 */;
CREATE TABLE `tbl_all_users` (
  `id` int(11) NOT NULL AUTO_INCREMENT,
  `usr_code` varchar(200) NOT NULL,
  `first_name` varchar(200) DEFAULT NULL,
  `last_name` varchar(200) DEFAULT NULL,
  `email_address` varchar(200) DEFAULT NULL,
  `phone_number` varchar(200) DEFAULT NULL,
  `user_role` varchar(200) DEFAULT NULL,
  `user_password` varchar(200) DEFAULT NULL,
  `created_at` datetime DEFAULT current_timestamp(),
  `user_status` enum('Active','Inactive') DEFAULT 'Active',
  `signup_success` varchar(200) NOT NULL DEFAULT 'Incomplete',
  `reset_token` varchar(255) DEFAULT NULL,
  `token_expiry` datetime DEFAULT NULL,
  `totp_secret` varchar(64) DEFAULT NULL,
  `totp_enabled` tinyint(1) NOT NULL DEFAULT 0,
  PRIMARY KEY (`id`),
  UNIQUE KEY `usr_code` (`usr_code`)
) ENGINE=InnoDB AUTO_INCREMENT=12 DEFAULT CHARSET=latin1 COLLATE=latin1_swedish_ci;
/*!40101 SET character_set_client = @saved_cs_client */;

--
-- Dumping data for table `tbl_all_users`
--

LOCK TABLES `tbl_all_users` WRITE;
/*!40000 ALTER TABLE `tbl_all_users` DISABLE KEYS */;
INSERT INTO `tbl_all_users` VALUES (2,'USR1774352917','Said','Muhama','saidmuhama@gmail.com','255765131788','5','$2y$10$PQ4ZtozEsVxxSaTApFlNdOep4LaIHS9j8rJE3D/5euN7ayfgsxxtK','2026-03-24 04:48:37','Active','Completed',NULL,NULL,NULL,0),(3,'USR1774423951','Jamal','Juma','jamaljuma.tz@gmail.com','255764078960','1','$2y$10$RtUn5F4pN8qFUXJHqaKcBOAOZ3kcKEvzdaL2UJNWoQuSJBCSO4c22','2026-03-25 00:32:31','Active','Incomplete','edd55d2d9906a10ad43d1b4fb133dc56f8a2ae178968d0faac7c5aecbc8ad8a7355e3f0af3f467fdf9c065b587d616e51762','2026-05-20 05:54:02',NULL,0),(4,'USR1775360573','Hamza','Pazia','muhama.digital@gmail.com','255625490405','3','$2y$10$/PjkNaEYTicWIRGak/KvsuzJvIiODz9XN4xjWv2hcysL.1U9gP2PG','2026-04-05 06:42:53','Active','Completed',NULL,NULL,NULL,0),(6,'USR1777617356','Said','Muhama','james.samwel@gmail.com','255765131788','1','$2y$10$yyYUh8TX3UJZKHadCQhiweQ243jULMjs/DHU6VbwHx8SIXC0T0VFy','2026-05-01 09:35:56','Active','Incomplete',NULL,NULL,NULL,0),(7,'USR1777621416','Jamal','Juma','jamal.juma@gmail.com','255715087593','1','$2y$10$k.rjazll0ByfN0ivfaukmeNDrqdzKLdC8gPNm40y.dAQcvptR/3IS','2026-05-01 10:43:37','Active','Incomplete',NULL,NULL,NULL,0),(8,'USR1777621816','Said','Muhama','super@gmail.com','255765131788','1','$2y$10$GnWK13vr12wk9q7DMgOJneRXprJBVKM8hZWpA6gta/HNaMm.Eqelu','2026-05-01 10:50:16','Active','Incomplete',NULL,NULL,NULL,0),(9,'USR1777623473','Juma','Jabu','juma@gmail.com','255625490405','1','$2y$10$gAI/Tomqdx7bLOVSMQNbTeHhIQdbdvHaO.bQbI0SZWPy0o3Rxexk2','2026-05-01 11:17:53','Active','Incomplete',NULL,NULL,NULL,0),(10,'USR1779245764','Thuwaiba','Muhama','mazdafunction@gmail.com','255755656222','1','$2y$10$S7GkDugyMgVGdJbskA9YMucl4F/D6xeW361ou/oVdd/8ta6v8l6FC','2026-05-20 05:56:04','Active','Completed',NULL,NULL,NULL,0),(11,'USR1779385780','Amana','Bank','info@amanabank.com','255765666767','4','$2y$10$LteOcV1AHW0PhV5kVzwBg.l/dJ07L/7JAVenKZJMJPFSqDelSUhuC','2026-05-21 20:49:40','Active','Incomplete',NULL,NULL,NULL,0);
/*!40000 ALTER TABLE `tbl_all_users` ENABLE KEYS */;
UNLOCK TABLES;

--
-- Table structure for table `tbl_country`
--

DROP TABLE IF EXISTS `tbl_country`;
/*!40101 SET @saved_cs_client     = @@character_set_client */;
/*!40101 SET character_set_client = utf8 */;
CREATE TABLE `tbl_country` (
  `id` int(11) NOT NULL AUTO_INCREMENT,
  `iso` char(2) NOT NULL,
  `name` varchar(80) NOT NULL,
  `nicename` varchar(80) NOT NULL,
  `iso3` char(3) DEFAULT NULL,
  `numcode` smallint(6) DEFAULT NULL,
  `phonecode` int(5) NOT NULL,
  PRIMARY KEY (`id`)
) ENGINE=MyISAM AUTO_INCREMENT=241 DEFAULT CHARSET=latin1 COLLATE=latin1_swedish_ci;
/*!40101 SET character_set_client = @saved_cs_client */;

--
-- Dumping data for table `tbl_country`
--

LOCK TABLES `tbl_country` WRITE;
/*!40000 ALTER TABLE `tbl_country` DISABLE KEYS */;
INSERT INTO `tbl_country` VALUES (1,'AF','AFGHANISTAN','Afghanistan','AFG',4,93),(2,'AL','ALBANIA','Albania','ALB',8,355),(3,'DZ','ALGERIA','Algeria','DZA',12,213),(4,'AS','AMERICAN SAMOA','American Samoa','ASM',16,1684),(5,'AD','ANDORRA','Andorra','AND',20,376),(6,'AO','ANGOLA','Angola','AGO',24,244),(7,'AI','ANGUILLA','Anguilla','AIA',660,1264),(8,'AQ','ANTARCTICA','Antarctica',NULL,NULL,0),(9,'AG','ANTIGUA AND BARBUDA','Antigua and Barbuda','ATG',28,1268),(10,'AR','ARGENTINA','Argentina','ARG',32,54),(11,'AM','ARMENIA','Armenia','ARM',51,374),(12,'AW','ARUBA','Aruba','ABW',533,297),(13,'AU','AUSTRALIA','Australia','AUS',36,61),(14,'AT','AUSTRIA','Austria','AUT',40,43),(15,'AZ','AZERBAIJAN','Azerbaijan','AZE',31,994),(16,'BS','BAHAMAS','Bahamas','BHS',44,1242),(17,'BH','BAHRAIN','Bahrain','BHR',48,973),(18,'BD','BANGLADESH','Bangladesh','BGD',50,880),(19,'BB','BARBADOS','Barbados','BRB',52,1246),(20,'BY','BELARUS','Belarus','BLR',112,375),(21,'BE','BELGIUM','Belgium','BEL',56,32),(22,'BZ','BELIZE','Belize','BLZ',84,501),(23,'BJ','BENIN','Benin','BEN',204,229),(24,'BM','BERMUDA','Bermuda','BMU',60,1441),(25,'BT','BHUTAN','Bhutan','BTN',64,975),(26,'BO','BOLIVIA','Bolivia','BOL',68,591),(27,'BA','BOSNIA AND HERZEGOVINA','Bosnia and Herzegovina','BIH',70,387),(28,'BW','BOTSWANA','Botswana','BWA',72,267),(29,'BV','BOUVET ISLAND','Bouvet Island',NULL,NULL,0),(30,'BR','BRAZIL','Brazil','BRA',76,55),(31,'IO','BRITISH INDIAN OCEAN TERRITORY','British Indian Ocean Territory',NULL,NULL,246),(32,'BN','BRUNEI DARUSSALAM','Brunei Darussalam','BRN',96,673),(33,'BG','BULGARIA','Bulgaria','BGR',100,359),(34,'BF','BURKINA FASO','Burkina Faso','BFA',854,226),(35,'BI','BURUNDI','Burundi','BDI',108,257),(36,'KH','CAMBODIA','Cambodia','KHM',116,855),(37,'CM','CAMEROON','Cameroon','CMR',120,237),(38,'CA','CANADA','Canada','CAN',124,1),(39,'CV','CAPE VERDE','Cape Verde','CPV',132,238),(40,'KY','CAYMAN ISLANDS','Cayman Islands','CYM',136,1345),(41,'CF','CENTRAL AFRICAN REPUBLIC','Central African Republic','CAF',140,236),(42,'TD','CHAD','Chad','TCD',148,235),(43,'CL','CHILE','Chile','CHL',152,56),(44,'CN','CHINA','China','CHN',156,86),(45,'CX','CHRISTMAS ISLAND','Christmas Island',NULL,NULL,61),(46,'CC','COCOS (KEELING) ISLANDS','Cocos (Keeling) Islands',NULL,NULL,672),(47,'CO','COLOMBIA','Colombia','COL',170,57),(48,'KM','COMOROS','Comoros','COM',174,269),(49,'CG','CONGO','Congo','COG',178,242),(50,'CD','CONGO, THE DEMOCRATIC REPUBLIC OF THE','Congo, the Democratic Republic of the','COD',180,242),(51,'CK','COOK ISLANDS','Cook Islands','COK',184,682),(52,'CR','COSTA RICA','Costa Rica','CRI',188,506),(53,'CI','COTE D\'IVOIRE','Cote D\'Ivoire','CIV',384,225),(54,'HR','CROATIA','Croatia','HRV',191,385),(55,'CU','CUBA','Cuba','CUB',192,53),(56,'CY','CYPRUS','Cyprus','CYP',196,357),(57,'CZ','CZECH REPUBLIC','Czech Republic','CZE',203,420),(58,'DK','DENMARK','Denmark','DNK',208,45),(59,'DJ','DJIBOUTI','Djibouti','DJI',262,253),(60,'DM','DOMINICA','Dominica','DMA',212,1767),(61,'DO','DOMINICAN REPUBLIC','Dominican Republic','DOM',214,1809),(62,'EC','ECUADOR','Ecuador','ECU',218,593),(63,'EG','EGYPT','Egypt','EGY',818,20),(64,'SV','EL SALVADOR','El Salvador','SLV',222,503),(65,'GQ','EQUATORIAL GUINEA','Equatorial Guinea','GNQ',226,240),(66,'ER','ERITREA','Eritrea','ERI',232,291),(67,'EE','ESTONIA','Estonia','EST',233,372),(68,'ET','ETHIOPIA','Ethiopia','ETH',231,251),(69,'FK','FALKLAND ISLANDS (MALVINAS)','Falkland Islands (Malvinas)','FLK',238,500),(70,'FO','FAROE ISLANDS','Faroe Islands','FRO',234,298),(71,'FJ','FIJI','Fiji','FJI',242,679),(72,'FI','FINLAND','Finland','FIN',246,358),(73,'FR','FRANCE','France','FRA',250,33),(74,'GF','FRENCH GUIANA','French Guiana','GUF',254,594),(75,'PF','FRENCH POLYNESIA','French Polynesia','PYF',258,689),(76,'TF','FRENCH SOUTHERN TERRITORIES','French Southern Territories',NULL,NULL,0),(77,'GA','GABON','Gabon','GAB',266,241),(78,'GM','GAMBIA','Gambia','GMB',270,220),(79,'GE','GEORGIA','Georgia','GEO',268,995),(80,'DE','GERMANY','Germany','DEU',276,49),(81,'GH','GHANA','Ghana','GHA',288,233),(82,'GI','GIBRALTAR','Gibraltar','GIB',292,350),(83,'GR','GREECE','Greece','GRC',300,30),(84,'GL','GREENLAND','Greenland','GRL',304,299),(85,'GD','GRENADA','Grenada','GRD',308,1473),(86,'GP','GUADELOUPE','Guadeloupe','GLP',312,590),(87,'GU','GUAM','Guam','GUM',316,1671),(88,'GT','GUATEMALA','Guatemala','GTM',320,502),(89,'GN','GUINEA','Guinea','GIN',324,224),(90,'GW','GUINEA-BISSAU','Guinea-Bissau','GNB',624,245),(91,'GY','GUYANA','Guyana','GUY',328,592),(92,'HT','HAITI','Haiti','HTI',332,509),(93,'HM','HEARD ISLAND AND MCDONALD ISLANDS','Heard Island and Mcdonald Islands',NULL,NULL,0),(94,'VA','HOLY SEE (VATICAN CITY STATE)','Holy See (Vatican City State)','VAT',336,39),(95,'HN','HONDURAS','Honduras','HND',340,504),(96,'HK','HONG KONG','Hong Kong','HKG',344,852),(97,'HU','HUNGARY','Hungary','HUN',348,36),(98,'IS','ICELAND','Iceland','ISL',352,354),(99,'IN','INDIA','India','IND',356,91),(100,'ID','INDONESIA','Indonesia','IDN',360,62),(101,'IR','IRAN, ISLAMIC REPUBLIC OF','Iran, Islamic Republic of','IRN',364,98),(102,'IQ','IRAQ','Iraq','IRQ',368,964),(103,'IE','IRELAND','Ireland','IRL',372,353),(104,'IL','ISRAEL','Israel','ISR',376,972),(105,'IT','ITALY','Italy','ITA',380,39),(106,'JM','JAMAICA','Jamaica','JAM',388,1876),(107,'JP','JAPAN','Japan','JPN',392,81),(108,'JO','JORDAN','Jordan','JOR',400,962),(109,'KZ','KAZAKHSTAN','Kazakhstan','KAZ',398,7),(110,'KE','KENYA','Kenya','KEN',404,254),(111,'KI','KIRIBATI','Kiribati','KIR',296,686),(112,'KP','KOREA, DEMOCRATIC PEOPLE\'S REPUBLIC OF','Korea, Democratic People\'s Republic of','PRK',408,850),(113,'KR','KOREA, REPUBLIC OF','Korea, Republic of','KOR',410,82),(114,'KW','KUWAIT','Kuwait','KWT',414,965),(115,'KG','KYRGYZSTAN','Kyrgyzstan','KGZ',417,996),(116,'LA','LAO PEOPLE\'S DEMOCRATIC REPUBLIC','Lao People\'s Democratic Republic','LAO',418,856),(117,'LV','LATVIA','Latvia','LVA',428,371),(118,'LB','LEBANON','Lebanon','LBN',422,961),(119,'LS','LESOTHO','Lesotho','LSO',426,266),(120,'LR','LIBERIA','Liberia','LBR',430,231),(121,'LY','LIBYAN ARAB JAMAHIRIYA','Libyan Arab Jamahiriya','LBY',434,218),(122,'LI','LIECHTENSTEIN','Liechtenstein','LIE',438,423),(123,'LT','LITHUANIA','Lithuania','LTU',440,370),(124,'LU','LUXEMBOURG','Luxembourg','LUX',442,352),(125,'MO','MACAO','Macao','MAC',446,853),(126,'MK','MACEDONIA, THE FORMER YUGOSLAV REPUBLIC OF','Macedonia, the Former Yugoslav Republic of','MKD',807,389),(127,'MG','MADAGASCAR','Madagascar','MDG',450,261),(128,'MW','MALAWI','Malawi','MWI',454,265),(129,'MY','MALAYSIA','Malaysia','MYS',458,60),(130,'MV','MALDIVES','Maldives','MDV',462,960),(131,'ML','MALI','Mali','MLI',466,223),(132,'MT','MALTA','Malta','MLT',470,356),(133,'MH','MARSHALL ISLANDS','Marshall Islands','MHL',584,692),(134,'MQ','MARTINIQUE','Martinique','MTQ',474,596),(135,'MR','MAURITANIA','Mauritania','MRT',478,222),(136,'MU','MAURITIUS','Mauritius','MUS',480,230),(137,'YT','MAYOTTE','Mayotte',NULL,NULL,269),(138,'MX','MEXICO','Mexico','MEX',484,52),(139,'FM','MICRONESIA, FEDERATED STATES OF','Micronesia, Federated States of','FSM',583,691),(140,'MD','MOLDOVA, REPUBLIC OF','Moldova, Republic of','MDA',498,373),(141,'MC','MONACO','Monaco','MCO',492,377),(142,'MN','MONGOLIA','Mongolia','MNG',496,976),(143,'MS','MONTSERRAT','Montserrat','MSR',500,1664),(144,'MA','MOROCCO','Morocco','MAR',504,212),(145,'MZ','MOZAMBIQUE','Mozambique','MOZ',508,258),(146,'MM','MYANMAR','Myanmar','MMR',104,95),(147,'NA','NAMIBIA','Namibia','NAM',516,264),(148,'NR','NAURU','Nauru','NRU',520,674),(149,'NP','NEPAL','Nepal','NPL',524,977),(150,'NL','NETHERLANDS','Netherlands','NLD',528,31),(151,'AN','NETHERLANDS ANTILLES','Netherlands Antilles','ANT',530,599),(152,'NC','NEW CALEDONIA','New Caledonia','NCL',540,687),(153,'NZ','NEW ZEALAND','New Zealand','NZL',554,64),(154,'NI','NICARAGUA','Nicaragua','NIC',558,505),(155,'NE','NIGER','Niger','NER',562,227),(156,'NG','NIGERIA','Nigeria','NGA',566,234),(157,'NU','NIUE','Niue','NIU',570,683),(158,'NF','NORFOLK ISLAND','Norfolk Island','NFK',574,672),(159,'MP','NORTHERN MARIANA ISLANDS','Northern Mariana Islands','MNP',580,1670),(160,'NO','NORWAY','Norway','NOR',578,47),(161,'OM','OMAN','Oman','OMN',512,968),(162,'PK','PAKISTAN','Pakistan','PAK',586,92),(163,'PW','PALAU','Palau','PLW',585,680),(164,'PS','PALESTINIAN TERRITORY, OCCUPIED','Palestinian Territory, Occupied',NULL,NULL,970),(165,'PA','PANAMA','Panama','PAN',591,507),(166,'PG','PAPUA NEW GUINEA','Papua New Guinea','PNG',598,675),(167,'PY','PARAGUAY','Paraguay','PRY',600,595),(168,'PE','PERU','Peru','PER',604,51),(169,'PH','PHILIPPINES','Philippines','PHL',608,63),(170,'PN','PITCAIRN','Pitcairn','PCN',612,0),(171,'PL','POLAND','Poland','POL',616,48),(172,'PT','PORTUGAL','Portugal','PRT',620,351),(173,'PR','PUERTO RICO','Puerto Rico','PRI',630,1787),(174,'QA','QATAR','Qatar','QAT',634,974),(175,'RE','REUNION','Reunion','REU',638,262),(176,'RO','ROMANIA','Romania','ROM',642,40),(177,'RU','RUSSIAN FEDERATION','Russian Federation','RUS',643,70),(178,'RW','RWANDA','Rwanda','RWA',646,250),(179,'SH','SAINT HELENA','Saint Helena','SHN',654,290),(180,'KN','SAINT KITTS AND NEVIS','Saint Kitts and Nevis','KNA',659,1869),(181,'LC','SAINT LUCIA','Saint Lucia','LCA',662,1758),(182,'PM','SAINT PIERRE AND MIQUELON','Saint Pierre and Miquelon','SPM',666,508),(183,'VC','SAINT VINCENT AND THE GRENADINES','Saint Vincent and the Grenadines','VCT',670,1784),(184,'WS','SAMOA','Samoa','WSM',882,684),(185,'SM','SAN MARINO','San Marino','SMR',674,378),(186,'ST','SAO TOME AND PRINCIPE','Sao Tome and Principe','STP',678,239),(187,'SA','SAUDI ARABIA','Saudi Arabia','SAU',682,966),(188,'SN','SENEGAL','Senegal','SEN',686,221),(189,'CS','SERBIA AND MONTENEGRO','Serbia and Montenegro',NULL,NULL,381),(190,'SC','SEYCHELLES','Seychelles','SYC',690,248),(191,'SL','SIERRA LEONE','Sierra Leone','SLE',694,232),(192,'SG','SINGAPORE','Singapore','SGP',702,65),(193,'SK','SLOVAKIA','Slovakia','SVK',703,421),(194,'SI','SLOVENIA','Slovenia','SVN',705,386),(195,'SB','SOLOMON ISLANDS','Solomon Islands','SLB',90,677),(196,'SO','SOMALIA','Somalia','SOM',706,252),(197,'ZA','SOUTH AFRICA','South Africa','ZAF',710,27),(198,'GS','SOUTH GEORGIA AND THE SOUTH SANDWICH ISLANDS','South Georgia and the South Sandwich Islands',NULL,NULL,0),(199,'ES','SPAIN','Spain','ESP',724,34),(200,'LK','SRI LANKA','Sri Lanka','LKA',144,94),(201,'SD','SUDAN','Sudan','SDN',736,249),(202,'SR','SURINAME','Suriname','SUR',740,597),(203,'SJ','SVALBARD AND JAN MAYEN','Svalbard and Jan Mayen','SJM',744,47),(204,'SZ','SWAZILAND','Swaziland','SWZ',748,268),(205,'SE','SWEDEN','Sweden','SWE',752,46),(206,'CH','SWITZERLAND','Switzerland','CHE',756,41),(207,'SY','SYRIAN ARAB REPUBLIC','Syrian Arab Republic','SYR',760,963),(208,'TW','TAIWAN, PROVINCE OF CHINA','Taiwan, Province of China','TWN',158,886),(209,'TJ','TAJIKISTAN','Tajikistan','TJK',762,992),(210,'TZ','TANZANIA','Tanzania','TZA',834,255),(211,'TH','THAILAND','Thailand','THA',764,66),(212,'TL','TIMOR-LESTE','Timor-Leste',NULL,NULL,670),(213,'TG','TOGO','Togo','TGO',768,228),(214,'TK','TOKELAU','Tokelau','TKL',772,690),(215,'TO','TONGA','Tonga','TON',776,676),(216,'TT','TRINIDAD AND TOBAGO','Trinidad and Tobago','TTO',780,1868),(217,'TN','TUNISIA','Tunisia','TUN',788,216),(218,'TR','TURKEY','Turkey','TUR',792,90),(219,'TM','TURKMENISTAN','Turkmenistan','TKM',795,7370),(220,'TC','TURKS AND CAICOS ISLANDS','Turks and Caicos Islands','TCA',796,1649),(221,'TV','TUVALU','Tuvalu','TUV',798,688),(222,'UG','UGANDA','Uganda','UGA',800,256),(223,'UA','UKRAINE','Ukraine','UKR',804,380),(224,'AE','UNITED ARAB EMIRATES','United Arab Emirates','ARE',784,971),(225,'GB','UNITED KINGDOM','United Kingdom','GBR',826,44),(226,'US','UNITED STATES','United States','USA',840,1),(227,'UM','UNITED STATES MINOR OUTLYING ISLANDS','United States Minor Outlying Islands',NULL,NULL,1),(228,'UY','URUGUAY','Uruguay','URY',858,598),(229,'UZ','UZBEKISTAN','Uzbekistan','UZB',860,998),(230,'VU','VANUATU','Vanuatu','VUT',548,678),(231,'VE','VENEZUELA','Venezuela','VEN',862,58),(232,'VN','VIET NAM','Viet Nam','VNM',704,84),(233,'VG','VIRGIN ISLANDS, BRITISH','Virgin Islands, British','VGB',92,1284),(234,'VI','VIRGIN ISLANDS, U.S.','Virgin Islands, U.s.','VIR',850,1340),(235,'WF','WALLIS AND FUTUNA','Wallis and Futuna','WLF',876,681),(236,'EH','WESTERN SAHARA','Western Sahara','ESH',732,212),(237,'YE','YEMEN','Yemen','YEM',887,967),(238,'ZM','ZAMBIA','Zambia','ZMB',894,260),(239,'ZW','ZIMBABWE','Zimbabwe','ZWE',716,263),(240,'AC','All Countries','All Countries','AC',1000,1001);
/*!40000 ALTER TABLE `tbl_country` ENABLE KEYS */;
UNLOCK TABLES;

--
-- Table structure for table `tbl_course_cart`
--

DROP TABLE IF EXISTS `tbl_course_cart`;
/*!40101 SET @saved_cs_client     = @@character_set_client */;
/*!40101 SET character_set_client = utf8 */;
CREATE TABLE `tbl_course_cart` (
  `id` int(11) NOT NULL AUTO_INCREMENT,
  `user_id` varchar(50) DEFAULT NULL,
  `course_id` int(11) DEFAULT NULL,
  `created_at` timestamp NOT NULL DEFAULT current_timestamp(),
  PRIMARY KEY (`id`)
) ENGINE=InnoDB AUTO_INCREMENT=14 DEFAULT CHARSET=utf8mb4 COLLATE=utf8mb4_general_ci;
/*!40101 SET character_set_client = @saved_cs_client */;

--
-- Dumping data for table `tbl_course_cart`
--

LOCK TABLES `tbl_course_cart` WRITE;
/*!40000 ALTER TABLE `tbl_course_cart` DISABLE KEYS */;
INSERT INTO `tbl_course_cart` VALUES (13,'USR1779245764',1,'2026-05-20 05:26:03');
/*!40000 ALTER TABLE `tbl_course_cart` ENABLE KEYS */;
UNLOCK TABLES;

--
-- Table structure for table `tbl_course_categories`
--

DROP TABLE IF EXISTS `tbl_course_categories`;
/*!40101 SET @saved_cs_client     = @@character_set_client */;
/*!40101 SET character_set_client = utf8 */;
CREATE TABLE `tbl_course_categories` (
  `id` bigint(20) unsigned NOT NULL AUTO_INCREMENT,
  `category_title` varchar(255) DEFAULT NULL,
  `order` int(11) DEFAULT NULL,
  `icon` varchar(255) DEFAULT NULL,
  `show_at_trending` tinyint(1) DEFAULT NULL,
  `status` tinyint(1) NOT NULL DEFAULT 1,
  `created_at` timestamp NULL DEFAULT NULL,
  `updated_at` timestamp NULL DEFAULT NULL,
  PRIMARY KEY (`id`)
) ENGINE=InnoDB DEFAULT CHARSET=utf8mb4 COLLATE=utf8mb4_general_ci;
/*!40101 SET character_set_client = @saved_cs_client */;

--
-- Dumping data for table `tbl_course_categories`
--

LOCK TABLES `tbl_course_categories` WRITE;
/*!40000 ALTER TABLE `tbl_course_categories` DISABLE KEYS */;
/*!40000 ALTER TABLE `tbl_course_categories` ENABLE KEYS */;
UNLOCK TABLES;

--
-- Table structure for table `tbl_course_chapter_items`
--

DROP TABLE IF EXISTS `tbl_course_chapter_items`;
/*!40101 SET @saved_cs_client     = @@character_set_client */;
/*!40101 SET character_set_client = utf8 */;
CREATE TABLE `tbl_course_chapter_items` (
  `id` bigint(20) unsigned NOT NULL AUTO_INCREMENT,
  `instructor_id` bigint(20) unsigned NOT NULL,
  `chapter_id` bigint(20) unsigned NOT NULL,
  `type` enum('lesson','quiz','document','live') DEFAULT 'lesson',
  `order` int(11) NOT NULL,
  `created_at` timestamp NULL DEFAULT NULL,
  `updated_at` timestamp NULL DEFAULT NULL,
  PRIMARY KEY (`id`),
  KEY `course_chapter_items_instructor_id_foreign` (`instructor_id`),
  KEY `course_chapter_items_chapter_id_foreign` (`chapter_id`)
) ENGINE=InnoDB AUTO_INCREMENT=2451 DEFAULT CHARSET=utf8mb4 COLLATE=utf8mb4_general_ci;
/*!40101 SET character_set_client = @saved_cs_client */;

--
-- Dumping data for table `tbl_course_chapter_items`
--

LOCK TABLES `tbl_course_chapter_items` WRITE;
/*!40000 ALTER TABLE `tbl_course_chapter_items` DISABLE KEYS */;
/*!40000 ALTER TABLE `tbl_course_chapter_items` ENABLE KEYS */;
UNLOCK TABLES;

--
-- Table structure for table `tbl_course_chapter_lessons`
--

DROP TABLE IF EXISTS `tbl_course_chapter_lessons`;
/*!40101 SET @saved_cs_client     = @@character_set_client */;
/*!40101 SET character_set_client = utf8 */;
CREATE TABLE `tbl_course_chapter_lessons` (
  `id` bigint(20) unsigned NOT NULL AUTO_INCREMENT,
  `lesson_title` varchar(255) NOT NULL,
  `description` text DEFAULT NULL,
  `instructor_id` varchar(200) NOT NULL,
  `course_id` bigint(20) unsigned NOT NULL,
  `chapter_id` bigint(20) unsigned DEFAULT NULL,
  `video_id` varchar(255) DEFAULT NULL,
  `library_id` varchar(255) DEFAULT NULL,
  `file_path` text DEFAULT NULL,
  `lesson_thumbnail` varchar(500) DEFAULT NULL,
  `content_type` varchar(200) DEFAULT 'Video',
  `storage` enum('upload','youtube','vimeo','external_link','google_drive','iframe','aws','wasabi','live') DEFAULT 'upload',
  `file_type` enum('video','audio','pdf','txt','docx','iframe','image','file','live','other') DEFAULT 'video',
  `video_duration` varchar(20) DEFAULT NULL,
  `status` enum('active','inactive') NOT NULL DEFAULT 'active',
  `isFreePreviewLesson` varchar(200) DEFAULT NULL,
  `enableDiscussions` varchar(200) DEFAULT NULL,
  `isDownloadable` varchar(200) DEFAULT NULL,
  `created_at` timestamp NULL DEFAULT NULL,
  `updated_at` timestamp NULL DEFAULT NULL,
  `sort_order` int(11) DEFAULT 0,
  PRIMARY KEY (`id`),
  KEY `course_chapter_lessons_chapter_id_foreign` (`chapter_id`)
) ENGINE=InnoDB AUTO_INCREMENT=32 DEFAULT CHARSET=utf8mb4 COLLATE=utf8mb4_general_ci;
/*!40101 SET character_set_client = @saved_cs_client */;

--
-- Dumping data for table `tbl_course_chapter_lessons`
--

LOCK TABLES `tbl_course_chapter_lessons` WRITE;
/*!40000 ALTER TABLE `tbl_course_chapter_lessons` DISABLE KEYS */;
INSERT INTO `tbl_course_chapter_lessons` VALUES (1,'What is Agriculture?','Agriculture is the science, art, and practice of cultivating soil, producing crops, and raising livestock to provide food, fiber, and fuel.','USR1775360573',1,1,NULL,NULL,'https://player.mediadelivery.net/play/637820/8ad51273-b113-483a-a1ad-9706fcb37222',NULL,'Video','upload','video',NULL,'active','1','1','0','2026-04-06 17:03:35',NULL,1),(3,'Technologies in Agriculture','Agricultural technology (AgTech) uses innovations like AI, robotics, drones, and IoT sensors to enhance farming efficiency, sustainability, and yield.','USR1775360573',1,1,NULL,NULL,'https://www.youtube.com/embed/Qkpm_Z7Ib88?si=KQuYWWA3mIScF_Kz',NULL,'Video','upload','video',NULL,'active','1','1','0','2026-04-06 17:35:12',NULL,2),(4,'What is soil?','<p>Getting started to soil</p>','USR1775360573',1,3,NULL,NULL,'https://www.youtube.com/embed/Qkpm_Z7Ib88?si=KQuYWWA3mIScF_Kz',NULL,'Video','upload','video',NULL,'active','1','1','0','2026-04-06 18:19:33',NULL,1),(5,'Types of casava','<p><strong>Getting</strong> to know type of cassava</p>','USR1775360573',1,13,NULL,NULL,'https://www.youtube.com/embed/Qkpm_Z7Ib88?si=KQuYWWA3mIScF_Kz',NULL,'Video','upload','video',NULL,'active','0','1','1','2026-04-06 18:41:51',NULL,1),(6,'Where to store crops','<p>Stores and <strong>inbuilt</strong> form stores</p>','USR1775360573',1,15,NULL,NULL,'https://www.youtube.com/embed/Qkpm_Z7Ib88?si=KQuYWWA3mIScF_Kz',NULL,'Video','upload','video',NULL,'active','0','1','0','2026-04-06 18:44:27',NULL,1),(7,'Soil types','<p>soil</p>','USR1775360573',1,3,NULL,NULL,'https://youtube.com/watch?v=gtRffa77L0I',NULL,'Video','upload','video',NULL,'active','0','1','0','2026-04-07 17:57:20',NULL,2),(8,'Machines Used in Agriculture','<p>Testing contents using PDF</p>','USR1775360573',1,1,NULL,NULL,'uploads/lessons/1775718465_DCM_User_Roles_.pdf',NULL,'Video','upload','video',NULL,'active','1','1','0','2026-04-09 07:07:45',NULL,3),(21,'Introduction to Islam','<p>Testing Bunny Storage</p>','USR1775360573',13,32,NULL,NULL,'https://dcmbank.b-cdn.net/DCM/1778312675_HAJIAPPFORM.pdf',NULL,'pdf','upload','video',NULL,'active','0','0','0',NULL,NULL,1),(22,'Islamic FOundations','<p>Tetsing storage</p>','USR1775360573',13,32,NULL,NULL,'https://dcmbank.b-cdn.net/DCM/php9iad5p',NULL,'pdf','upload','video',NULL,'active','0','0','0',NULL,NULL,2),(23,'Islamic Contracts','<p>Testing</p>','USR1775360573',13,32,NULL,NULL,'https://dcmbank.b-cdn.net/DCM/1778389469_HAJIAPPFORM.pdf',NULL,'pdf','upload','video',NULL,'active','0','0','0',NULL,NULL,3),(25,'What is Islam?','The Morden Fishing Technology','USR1775360573',14,33,'da12f383-9488-4b55-9f60-7185f69a94ce','659690','https://iframe.mediadelivery.net/embed/659690/da12f383-9488-4b55-9f60-7185f69a94ce',NULL,'video','upload','video',NULL,'active','1','1','1',NULL,NULL,1),(26,'What is sharia?','Sharia in Islam','USR1775360573',14,33,'aca1003e-ad1b-482c-82c5-1943e4bcf691','659690','https://iframe.mediadelivery.net/embed/659690/aca1003e-ad1b-482c-82c5-1943e4bcf691',NULL,'video','upload','video',NULL,'active','0','1','1',NULL,NULL,2),(27,'What is Murabaha?',NULL,'USR1775360573',14,34,NULL,NULL,NULL,NULL,'pdf','upload','video',NULL,'active',NULL,NULL,NULL,NULL,NULL,1),(28,'What is Musharaka?',NULL,'USR1775360573',14,34,NULL,NULL,NULL,NULL,'pdf','upload','video',NULL,'active',NULL,NULL,NULL,NULL,NULL,2),(29,'What is ibada?','Testing Audio Contents','USR1775360573',14,33,NULL,NULL,'https://dcmbank.b-cdn.net/ISLAMIC CONTRACTS/1779271216_file_example_MP3_700KB.mp3','uploads/lessons/thumb_29_1779271216.png','audio','upload','video',NULL,'active','1','0','0',NULL,NULL,3),(30,'What is Financing?','Introduction to Islamic Financing','USR1775360573',15,35,'ae8fdcec-aa8e-4b28-802a-4cc68d5c72f8','666517','https://iframe.mediadelivery.net/embed/666517/ae8fdcec-aa8e-4b28-802a-4cc68d5c72f8',NULL,'video','upload','video',NULL,'active','1','1','1',NULL,NULL,0),(31,'Financing Standards?','Financing Standards description list','USR1775360573',15,35,NULL,NULL,'https://dcmbank.b-cdn.net/FINANCING_IN_ISLAM/1779348580_file_example_MP3_700KB.mp3','uploads/lessons/thumb_31_1779348580.png','audio','upload','video',NULL,'active','1','1','1',NULL,NULL,0);
/*!40000 ALTER TABLE `tbl_course_chapter_lessons` ENABLE KEYS */;
UNLOCK TABLES;

--
-- Table structure for table `tbl_course_chapters`
--

DROP TABLE IF EXISTS `tbl_course_chapters`;
/*!40101 SET @saved_cs_client     = @@character_set_client */;
/*!40101 SET character_set_client = utf8 */;
CREATE TABLE `tbl_course_chapters` (
  `id` bigint(20) unsigned NOT NULL AUTO_INCREMENT,
  `instructor_id` varchar(200) NOT NULL,
  `chapter_title` varchar(255) NOT NULL,
  `course_id` bigint(20) unsigned NOT NULL,
  `order` int(11) DEFAULT NULL,
  `status` enum('active','inactive') NOT NULL DEFAULT 'active',
  `created_at` timestamp NULL DEFAULT NULL,
  `updated_at` timestamp NULL DEFAULT NULL,
  PRIMARY KEY (`id`),
  KEY `course_chapters_course_id_foreign` (`course_id`)
) ENGINE=InnoDB AUTO_INCREMENT=36 DEFAULT CHARSET=utf8mb4 COLLATE=utf8mb4_general_ci;
/*!40101 SET character_set_client = @saved_cs_client */;

--
-- Dumping data for table `tbl_course_chapters`
--

LOCK TABLES `tbl_course_chapters` WRITE;
/*!40000 ALTER TABLE `tbl_course_chapters` DISABLE KEYS */;
INSERT INTO `tbl_course_chapters` VALUES (1,'USR1775360573','Introduction to Agriculture',1,NULL,'active',NULL,NULL),(3,'USR1775360573','Types of Soils',1,NULL,'active',NULL,NULL),(5,'USR1775360573','Soil Erosion',1,NULL,'active',NULL,NULL),(7,'USR1775360573','Types of Products',1,NULL,'active',NULL,NULL),(9,'USR1775360573','Agriculture and Marketing',1,NULL,'active',NULL,NULL),(11,'USR1775360573','Cultivation Procedures',1,NULL,'active',NULL,NULL),(13,'USR1775360573','How to cultivate casava',1,NULL,'active',NULL,NULL),(15,'USR1775360573','How to store crops',1,NULL,'active',NULL,NULL),(23,'USR1775360573','Marketing your Crops',1,NULL,'active',NULL,NULL),(24,'USR1775360573','Sales and Marketing',1,NULL,'active',NULL,NULL),(25,'USR1775360573','Jifunze English',7,NULL,'active',NULL,NULL),(26,'USR1775360573','Testing Topic Name',1,NULL,'active',NULL,NULL),(27,'USR1775360573','Introduction to Islamic Financing',10,NULL,'active',NULL,NULL),(28,'USR1775360573','Financing Contracts',10,NULL,'active',NULL,NULL),(31,'USR1775360573','Introduction to Fishing',12,NULL,'active',NULL,NULL),(32,'USR1775360573','What is Islam',13,NULL,'active',NULL,NULL),(33,'USR1775360573','Islamic Laws',14,NULL,'active',NULL,NULL),(34,'USR1775360573','Islamic Contracts',14,NULL,'active',NULL,NULL),(35,'USR1775360573','Introduction to Financing',15,NULL,'active',NULL,NULL);
/*!40000 ALTER TABLE `tbl_course_chapters` ENABLE KEYS */;
UNLOCK TABLES;

--
-- Table structure for table `tbl_course_discussion_answers`
--

DROP TABLE IF EXISTS `tbl_course_discussion_answers`;
/*!40101 SET @saved_cs_client     = @@character_set_client */;
/*!40101 SET character_set_client = utf8 */;
CREATE TABLE `tbl_course_discussion_answers` (
  `id` int(11) NOT NULL AUTO_INCREMENT,
  `discussion_id` int(11) DEFAULT NULL,
  `user_id` varchar(110) DEFAULT NULL,
  `answer` text DEFAULT NULL,
  `is_correct` tinyint(4) DEFAULT 0,
  `created_at` timestamp NOT NULL DEFAULT current_timestamp(),
  PRIMARY KEY (`id`)
) ENGINE=InnoDB AUTO_INCREMENT=4 DEFAULT CHARSET=utf8mb4 COLLATE=utf8mb4_general_ci;
/*!40101 SET character_set_client = @saved_cs_client */;

--
-- Dumping data for table `tbl_course_discussion_answers`
--

LOCK TABLES `tbl_course_discussion_answers` WRITE;
/*!40000 ALTER TABLE `tbl_course_discussion_answers` DISABLE KEYS */;
INSERT INTO `tbl_course_discussion_answers` VALUES (1,4,'USR1774352917','Yes there is a way, just see from last 10 minutes video.',0,'2026-04-15 11:04:34'),(2,1,'USR1774352917','Gagagaga',0,'2026-04-16 18:16:22'),(3,2,'USR1774352917','hshshhhs',0,'2026-04-16 18:19:09');
/*!40000 ALTER TABLE `tbl_course_discussion_answers` ENABLE KEYS */;
UNLOCK TABLES;

--
-- Table structure for table `tbl_course_discussion_likes`
--

DROP TABLE IF EXISTS `tbl_course_discussion_likes`;
/*!40101 SET @saved_cs_client     = @@character_set_client */;
/*!40101 SET character_set_client = utf8 */;
CREATE TABLE `tbl_course_discussion_likes` (
  `id` int(11) NOT NULL AUTO_INCREMENT,
  `discussion_id` int(11) DEFAULT NULL,
  `user_id` varchar(110) DEFAULT NULL,
  PRIMARY KEY (`id`)
) ENGINE=InnoDB AUTO_INCREMENT=5 DEFAULT CHARSET=utf8mb4 COLLATE=utf8mb4_general_ci;
/*!40101 SET character_set_client = @saved_cs_client */;

--
-- Dumping data for table `tbl_course_discussion_likes`
--

LOCK TABLES `tbl_course_discussion_likes` WRITE;
/*!40000 ALTER TABLE `tbl_course_discussion_likes` DISABLE KEYS */;
INSERT INTO `tbl_course_discussion_likes` VALUES (1,4,'USR1774352917'),(2,2,'USR1774352917'),(3,1,'USR1774352917'),(4,3,'USR1774352917');
/*!40000 ALTER TABLE `tbl_course_discussion_likes` ENABLE KEYS */;
UNLOCK TABLES;

--
-- Table structure for table `tbl_course_discussions`
--

DROP TABLE IF EXISTS `tbl_course_discussions`;
/*!40101 SET @saved_cs_client     = @@character_set_client */;
/*!40101 SET character_set_client = utf8 */;
CREATE TABLE `tbl_course_discussions` (
  `id` int(11) NOT NULL AUTO_INCREMENT,
  `course_id` int(11) DEFAULT NULL,
  `user_id` varchar(110) DEFAULT NULL,
  `title` varchar(255) DEFAULT NULL,
  `description` text DEFAULT NULL,
  `created_at` timestamp NOT NULL DEFAULT current_timestamp(),
  `sort_order` int(11) DEFAULT 0,
  `type` enum('instructor','student') DEFAULT 'student',
  PRIMARY KEY (`id`)
) ENGINE=InnoDB AUTO_INCREMENT=5 DEFAULT CHARSET=utf8mb4 COLLATE=utf8mb4_general_ci;
/*!40101 SET character_set_client = @saved_cs_client */;

--
-- Dumping data for table `tbl_course_discussions`
--

LOCK TABLES `tbl_course_discussions` WRITE;
/*!40000 ALTER TABLE `tbl_course_discussions` DISABLE KEYS */;
INSERT INTO `tbl_course_discussions` VALUES (1,1,'USR1774352917','Je nitaweza kupata cheti kwenye hii kozi','Naomba kufahamu kama nitapata cheti kwenye hii koazi ninayotaka kusoma.','2026-04-11 17:00:56',1,'student'),(2,1,'USR1774352917','Kupata Cheti','Je nikimaliza hii kozi naweza kupata cheti?','2026-04-11 17:01:31',2,'student'),(3,1,'USR1774352917','Testing','Testing description','2026-04-11 18:14:03',3,'student'),(4,1,'USR1774352917','Tech in Agriculture','Is there a way to work on this issue?','2026-04-15 09:14:58',4,'student');
/*!40000 ALTER TABLE `tbl_course_discussions` ENABLE KEYS */;
UNLOCK TABLES;

--
-- Table structure for table `tbl_course_enrollments`
--

DROP TABLE IF EXISTS `tbl_course_enrollments`;
/*!40101 SET @saved_cs_client     = @@character_set_client */;
/*!40101 SET character_set_client = utf8 */;
CREATE TABLE `tbl_course_enrollments` (
  `id` bigint(20) unsigned NOT NULL AUTO_INCREMENT,
  `order_id` bigint(20) unsigned NOT NULL,
  `user_id` bigint(20) unsigned NOT NULL,
  `course_id` bigint(20) unsigned NOT NULL,
  `has_access` tinyint(1) NOT NULL DEFAULT 0,
  `created_at` timestamp NULL DEFAULT NULL,
  `updated_at` timestamp NULL DEFAULT NULL,
  PRIMARY KEY (`id`),
  KEY `enrollments_order_id_foreign` (`order_id`)
) ENGINE=InnoDB AUTO_INCREMENT=3 DEFAULT CHARSET=utf8mb4 COLLATE=utf8mb4_general_ci;
/*!40101 SET character_set_client = @saved_cs_client */;

--
-- Dumping data for table `tbl_course_enrollments`
--

LOCK TABLES `tbl_course_enrollments` WRITE;
/*!40000 ALTER TABLE `tbl_course_enrollments` DISABLE KEYS */;
INSERT INTO `tbl_course_enrollments` VALUES (1,13,10,13,1,'2026-05-20 05:26:11',NULL),(2,14,10,14,1,'2026-05-20 05:41:13',NULL);
/*!40000 ALTER TABLE `tbl_course_enrollments` ENABLE KEYS */;
UNLOCK TABLES;

--
-- Table structure for table `tbl_course_invitees`
--

DROP TABLE IF EXISTS `tbl_course_invitees`;
/*!40101 SET @saved_cs_client     = @@character_set_client */;
/*!40101 SET character_set_client = utf8 */;
CREATE TABLE `tbl_course_invitees` (
  `id` int(11) NOT NULL AUTO_INCREMENT,
  `first_name` varchar(100) DEFAULT NULL,
  `last_name` varchar(100) DEFAULT NULL,
  `phone` varchar(30) DEFAULT NULL,
  `course_id` int(11) DEFAULT NULL,
  `invited_by` varchar(110) DEFAULT NULL,
  `invitation_code` varchar(100) DEFAULT NULL,
  `status` tinyint(4) DEFAULT 0,
  `created_at` timestamp NOT NULL DEFAULT current_timestamp(),
  PRIMARY KEY (`id`),
  UNIQUE KEY `unique_phone_course` (`phone`,`course_id`)
) ENGINE=InnoDB AUTO_INCREMENT=8 DEFAULT CHARSET=utf8mb4 COLLATE=utf8mb4_general_ci;
/*!40101 SET character_set_client = @saved_cs_client */;

--
-- Dumping data for table `tbl_course_invitees`
--

LOCK TABLES `tbl_course_invitees` WRITE;
/*!40000 ALTER TABLE `tbl_course_invitees` DISABLE KEYS */;
INSERT INTO `tbl_course_invitees` VALUES (4,'Jamal','Juma','255764078960',12,'USR1774352917','REF-FPQJHO',0,'2026-05-01 07:37:46'),(5,'Jamal','Juma','255715087593',12,'USR1774352917','REF-MEUNVH',1,'2026-05-01 07:40:27'),(6,'said','muhama','255625490405',12,'USR1774352917','REF-D2JS6V',0,'2026-05-01 07:41:05'),(7,'Said','Muhama','255765131788',12,'USR1774352917','REF-QZBQNN',1,'2026-05-01 07:45:47');
/*!40000 ALTER TABLE `tbl_course_invitees` ENABLE KEYS */;
UNLOCK TABLES;

--
-- Table structure for table `tbl_course_progress`
--

DROP TABLE IF EXISTS `tbl_course_progress`;
/*!40101 SET @saved_cs_client     = @@character_set_client */;
/*!40101 SET character_set_client = utf8 */;
CREATE TABLE `tbl_course_progress` (
  `id` bigint(20) unsigned NOT NULL AUTO_INCREMENT,
  `user_id` varchar(200) DEFAULT NULL,
  `course_id` bigint(20) unsigned DEFAULT NULL,
  `chapter_id` bigint(20) unsigned DEFAULT NULL,
  `lesson_id` bigint(20) unsigned DEFAULT NULL,
  `watched` tinyint(1) NOT NULL DEFAULT 0,
  `current` tinyint(1) NOT NULL DEFAULT 0,
  `type` enum('lesson','quiz','document','live') NOT NULL DEFAULT 'lesson',
  `created_at` timestamp NULL DEFAULT NULL,
  `updated_at` timestamp NULL DEFAULT NULL,
  PRIMARY KEY (`id`)
) ENGINE=InnoDB AUTO_INCREMENT=14 DEFAULT CHARSET=utf8mb4 COLLATE=utf8mb4_general_ci;
/*!40101 SET character_set_client = @saved_cs_client */;

--
-- Dumping data for table `tbl_course_progress`
--

LOCK TABLES `tbl_course_progress` WRITE;
/*!40000 ALTER TABLE `tbl_course_progress` DISABLE KEYS */;
INSERT INTO `tbl_course_progress` VALUES (1,'USR1774352917',1,1,1,1,0,'lesson','2026-04-15 07:42:20',NULL),(2,'USR1774352917',1,1,3,1,0,'lesson','2026-04-15 07:47:28',NULL),(3,'USR1774352917',1,1,8,1,0,'lesson','2026-04-15 07:47:37',NULL),(4,'USR1774352917',1,3,4,1,0,'lesson','2026-04-15 12:19:38',NULL),(5,'USR1774352917',1,3,7,1,0,'lesson','2026-04-15 12:19:45',NULL),(6,'USR1774352917',1,13,5,1,0,'lesson','2026-04-16 18:20:09',NULL),(7,'USR1774352917',1,15,6,1,0,'lesson','2026-04-16 18:20:45',NULL),(8,'USR1774352917',12,31,17,1,0,'lesson','2026-05-01 07:54:59',NULL),(9,'USR1774352917',12,31,18,1,0,'lesson','2026-05-01 07:55:02',NULL),(10,'USR1779245764',13,32,21,1,0,'lesson','2026-05-20 05:27:05',NULL),(11,'USR1779245764',13,32,23,1,0,'lesson','2026-05-20 05:37:06',NULL),(12,'USR1779245764',13,32,22,1,0,'lesson','2026-05-20 05:37:09',NULL),(13,'USR1779245764',14,33,29,1,0,'lesson','2026-05-20 10:16:52',NULL);
/*!40000 ALTER TABLE `tbl_course_progress` ENABLE KEYS */;
UNLOCK TABLES;

--
-- Table structure for table `tbl_course_ratings`
--

DROP TABLE IF EXISTS `tbl_course_ratings`;
/*!40101 SET @saved_cs_client     = @@character_set_client */;
/*!40101 SET character_set_client = utf8 */;
CREATE TABLE `tbl_course_ratings` (
  `id` int(11) NOT NULL AUTO_INCREMENT,
  `user_id` varchar(50) DEFAULT NULL,
  `course_id` int(11) DEFAULT NULL,
  `rating` int(11) DEFAULT NULL,
  `review` text DEFAULT NULL,
  `created_at` timestamp NOT NULL DEFAULT current_timestamp(),
  PRIMARY KEY (`id`)
) ENGINE=InnoDB DEFAULT CHARSET=utf8mb4 COLLATE=utf8mb4_general_ci;
/*!40101 SET character_set_client = @saved_cs_client */;

--
-- Dumping data for table `tbl_course_ratings`
--

LOCK TABLES `tbl_course_ratings` WRITE;
/*!40000 ALTER TABLE `tbl_course_ratings` DISABLE KEYS */;
/*!40000 ALTER TABLE `tbl_course_ratings` ENABLE KEYS */;
UNLOCK TABLES;

--
-- Table structure for table `tbl_course_review_requests`
--

DROP TABLE IF EXISTS `tbl_course_review_requests`;
/*!40101 SET @saved_cs_client     = @@character_set_client */;
/*!40101 SET character_set_client = utf8 */;
CREATE TABLE `tbl_course_review_requests` (
  `id` bigint(20) unsigned NOT NULL AUTO_INCREMENT,
  `course_id` bigint(20) unsigned NOT NULL,
  `instructor_id` varchar(200) NOT NULL,
  `status` enum('pending','approved','rejected','revision_needed') NOT NULL DEFAULT 'pending',
  `instructor_note` text DEFAULT NULL,
  `admin_comment` text DEFAULT NULL,
  `submitted_at` timestamp NOT NULL DEFAULT current_timestamp(),
  `reviewed_at` timestamp NULL DEFAULT NULL,
  `reviewed_by` varchar(200) DEFAULT NULL,
  PRIMARY KEY (`id`),
  KEY `idx_course` (`course_id`),
  KEY `idx_status` (`status`),
  KEY `idx_instructor` (`instructor_id`)
) ENGINE=InnoDB AUTO_INCREMENT=3 DEFAULT CHARSET=utf8mb4 COLLATE=utf8mb4_general_ci;
/*!40101 SET character_set_client = @saved_cs_client */;

--
-- Dumping data for table `tbl_course_review_requests`
--

LOCK TABLES `tbl_course_review_requests` WRITE;
/*!40000 ALTER TABLE `tbl_course_review_requests` DISABLE KEYS */;
INSERT INTO `tbl_course_review_requests` VALUES (1,14,'USR1775360573','approved','Dear Admin, kindly review the course and allow to goLive','This is Approved, and published','2026-05-21 06:58:32','2026-05-21 07:23:27','USR1774352917'),(2,13,'USR1775360573','approved','The same this course','Approved and published.','2026-05-21 06:58:43','2026-05-21 07:23:52','USR1774352917');
/*!40000 ALTER TABLE `tbl_course_review_requests` ENABLE KEYS */;
UNLOCK TABLES;

--
-- Table structure for table `tbl_course_wishlist`
--

DROP TABLE IF EXISTS `tbl_course_wishlist`;
/*!40101 SET @saved_cs_client     = @@character_set_client */;
/*!40101 SET character_set_client = utf8 */;
CREATE TABLE `tbl_course_wishlist` (
  `id` int(11) NOT NULL AUTO_INCREMENT,
  `user_id` varchar(50) DEFAULT NULL,
  `course_id` int(11) DEFAULT NULL,
  `created_at` timestamp NOT NULL DEFAULT current_timestamp(),
  PRIMARY KEY (`id`)
) ENGINE=InnoDB AUTO_INCREMENT=12 DEFAULT CHARSET=utf8mb4 COLLATE=utf8mb4_general_ci;
/*!40101 SET character_set_client = @saved_cs_client */;

--
-- Dumping data for table `tbl_course_wishlist`
--

LOCK TABLES `tbl_course_wishlist` WRITE;
/*!40000 ALTER TABLE `tbl_course_wishlist` DISABLE KEYS */;
INSERT INTO `tbl_course_wishlist` VALUES (9,'USR1774352917',2,'2026-04-11 04:44:26'),(10,'USR1774352917',1,'2026-04-11 18:16:50'),(11,'USR1779245764',13,'2026-05-20 06:03:13');
/*!40000 ALTER TABLE `tbl_course_wishlist` ENABLE KEYS */;
UNLOCK TABLES;

--
-- Table structure for table `tbl_courses`
--

DROP TABLE IF EXISTS `tbl_courses`;
/*!40101 SET @saved_cs_client     = @@character_set_client */;
/*!40101 SET character_set_client = utf8 */;
CREATE TABLE `tbl_courses` (
  `id` bigint(20) unsigned NOT NULL AUTO_INCREMENT,
  `instructor_id` varchar(200) NOT NULL,
  `category_id` bigint(20) unsigned DEFAULT NULL,
  `type` enum('course','webinar') NOT NULL DEFAULT 'course',
  `title` varchar(255) NOT NULL,
  `library_id` varchar(200) DEFAULT NULL,
  `library_key` varchar(255) DEFAULT NULL,
  `seo_description` varchar(255) DEFAULT NULL,
  `start_date` date DEFAULT NULL,
  `duration` int(11) DEFAULT NULL,
  `timezone` varchar(255) DEFAULT NULL,
  `thumbnail` varchar(255) DEFAULT 'uploads/course_default.png',
  `demo_video_storage` enum('upload','youtube','vimeo','external_link','aws','wasabi') NOT NULL DEFAULT 'upload',
  `demo_video_source` text DEFAULT NULL,
  `description` text DEFAULT NULL,
  `price` double NOT NULL DEFAULT 0,
  `discount` double DEFAULT NULL,
  `certificate` tinyint(1) NOT NULL DEFAULT 0,
  `downloadable` tinyint(1) NOT NULL DEFAULT 0,
  `partner_instructor` tinyint(1) NOT NULL DEFAULT 0,
  `qna` tinyint(1) NOT NULL DEFAULT 0,
  `status` enum('active','is_draft','inactive') NOT NULL DEFAULT 'is_draft',
  `is_approved` enum('pending','approved','rejected') NOT NULL DEFAULT 'pending',
  `created_at` timestamp NULL DEFAULT current_timestamp(),
  `updated_at` timestamp NULL DEFAULT NULL,
  `deleted_at` timestamp NULL DEFAULT NULL,
  PRIMARY KEY (`id`)
) ENGINE=InnoDB AUTO_INCREMENT=16 DEFAULT CHARSET=utf8mb4 COLLATE=utf8mb4_general_ci;
/*!40101 SET character_set_client = @saved_cs_client */;

--
-- Dumping data for table `tbl_courses`
--

LOCK TABLES `tbl_courses` WRITE;
/*!40000 ALTER TABLE `tbl_courses` DISABLE KEYS */;
INSERT INTO `tbl_courses` VALUES (1,'USR1775360573',NULL,'course','Modern Agriculture 2026',NULL,'',NULL,NULL,NULL,NULL,'uploads/1775847683_Copilot_20260404_081549.png','upload',NULL,'<p>Until the end of this course you will be able to:</p><p><strong>1. Moja<br>2. Mbili<br>3. Tatu</strong></p>',130000,5,1,0,0,1,'active','approved',NULL,'2026-04-21 09:23:00',NULL),(13,'USR1775360573',NULL,'course','ISLAMIC FINANCE','656647','5fa6b796-506e-476e-b1383aa7f610-d300-4f6f',NULL,NULL,NULL,NULL,'uploads/course_default.png','upload',NULL,NULL,0,NULL,0,0,0,0,'active','approved','2026-05-09 04:03:02',NULL,NULL),(14,'USR1775360573',NULL,'course','ISLAMIC CONTRACTS','659690','d83e5426-656a-4976-80f5dfbdae22-b064-49bf',NULL,NULL,NULL,NULL,'uploads/course_default.png','upload',NULL,NULL,0,NULL,0,0,0,0,'active','approved','2026-05-13 12:33:03',NULL,NULL),(15,'USR1775360573',NULL,'course','FINANCING IN ISLAM','666517','20f45153-b8fa-4bfc-bdcf172fd5cd-77af-4063',NULL,NULL,NULL,NULL,'uploads/course_default.png','upload',NULL,NULL,0,NULL,0,0,0,0,'is_draft','pending','2026-05-21 05:17:23',NULL,NULL);
/*!40000 ALTER TABLE `tbl_courses` ENABLE KEYS */;
UNLOCK TABLES;

--
-- Table structure for table `tbl_main_academic_levels`
--

DROP TABLE IF EXISTS `tbl_main_academic_levels`;
/*!40101 SET @saved_cs_client     = @@character_set_client */;
/*!40101 SET character_set_client = utf8 */;
CREATE TABLE `tbl_main_academic_levels` (
  `id` int(11) NOT NULL AUTO_INCREMENT,
  `level_title` varchar(200) DEFAULT NULL,
  PRIMARY KEY (`id`),
  UNIQUE KEY `level_title` (`level_title`)
) ENGINE=InnoDB AUTO_INCREMENT=7 DEFAULT CHARSET=utf8mb4 COLLATE=utf8mb4_general_ci;
/*!40101 SET character_set_client = @saved_cs_client */;

--
-- Dumping data for table `tbl_main_academic_levels`
--

LOCK TABLES `tbl_main_academic_levels` WRITE;
/*!40000 ALTER TABLE `tbl_main_academic_levels` DISABLE KEYS */;
INSERT INTO `tbl_main_academic_levels` VALUES (6,'Courses'),(4,'High School'),(1,'Pre-School'),(2,'Primary School'),(3,'Secondary School'),(5,'Undergraduate');
/*!40000 ALTER TABLE `tbl_main_academic_levels` ENABLE KEYS */;
UNLOCK TABLES;

--
-- Table structure for table `tbl_module_permissions`
--

DROP TABLE IF EXISTS `tbl_module_permissions`;
/*!40101 SET @saved_cs_client     = @@character_set_client */;
/*!40101 SET character_set_client = utf8 */;
CREATE TABLE `tbl_module_permissions` (
  `id` int(11) NOT NULL AUTO_INCREMENT,
  `module_key` varchar(100) NOT NULL,
  `role_id` int(11) NOT NULL,
  `is_enabled` tinyint(1) NOT NULL DEFAULT 1,
  `updated_at` timestamp NOT NULL DEFAULT current_timestamp() ON UPDATE current_timestamp(),
  PRIMARY KEY (`id`),
  UNIQUE KEY `uniq_mr` (`module_key`,`role_id`)
) ENGINE=InnoDB AUTO_INCREMENT=353 DEFAULT CHARSET=utf8mb4 COLLATE=utf8mb4_general_ci;
/*!40101 SET character_set_client = @saved_cs_client */;

--
-- Dumping data for table `tbl_module_permissions`
--

LOCK TABLES `tbl_module_permissions` WRITE;
/*!40000 ALTER TABLE `tbl_module_permissions` DISABLE KEYS */;
INSERT INTO `tbl_module_permissions` VALUES (1,'course_management',3,1,'2026-05-18 13:46:38'),(2,'qb_taxonomy',3,0,'2026-05-18 17:55:13'),(3,'qb_questions',3,0,'2026-05-18 17:55:14'),(4,'qb_exams',3,0,'2026-05-18 17:55:15'),(5,'qb_curriculum',3,0,'2026-05-18 17:55:16'),(6,'qb_analytics',3,0,'2026-05-18 17:55:17'),(7,'qb_import_export',3,0,'2026-05-18 17:55:20'),(8,'qb_ai_tools',3,0,'2026-05-18 17:55:21'),(9,'qb_settings',3,0,'2026-05-18 17:55:22'),(10,'course_management',4,0,'2026-05-21 18:05:59'),(11,'qb_taxonomy',4,0,'2026-05-21 18:06:01'),(12,'qb_questions',4,0,'2026-05-21 18:06:04'),(13,'qb_exams',4,0,'2026-05-21 18:06:04'),(14,'qb_curriculum',4,0,'2026-05-21 18:06:05'),(15,'qb_analytics',4,0,'2026-05-21 18:06:07'),(16,'qb_import_export',4,0,'2026-05-21 18:06:07'),(17,'qb_ai_tools',4,0,'2026-05-21 18:06:10'),(18,'qb_settings',4,0,'2026-05-21 18:06:11'),(27,'course_management',1,0,'2026-05-19 19:06:55'),(29,'course_management',2,1,'2026-05-19 19:12:59'),(32,'admin_courses',2,1,'2026-05-19 19:12:59'),(33,'admin_courses',3,1,'2026-05-19 19:12:59'),(34,'admin_courses',4,1,'2026-05-19 19:12:59'),(35,'qb_taxonomy',2,1,'2026-05-19 19:12:59'),(38,'qb_questions',2,1,'2026-05-19 19:12:59'),(41,'qb_exams',2,1,'2026-05-19 19:12:59'),(44,'qb_curriculum',2,1,'2026-05-19 19:12:59'),(47,'qb_analytics',2,1,'2026-05-19 19:12:59'),(50,'qb_import_export',2,1,'2026-05-19 19:12:59'),(53,'qb_ai_tools',2,1,'2026-05-19 19:12:59'),(56,'qb_settings',2,1,'2026-05-19 19:12:59'),(59,'student_exams',2,1,'2026-05-19 19:12:59'),(60,'student_exams',3,1,'2026-05-19 19:12:59'),(61,'student_exams',4,0,'2026-05-21 18:06:13'),(62,'student_exams',1,1,'2026-05-19 19:12:59'),(273,'org_management',2,0,'2026-05-21 18:06:18'),(274,'org_management',3,0,'2026-05-21 18:06:20'),(275,'org_management',4,1,'2026-05-21 18:05:42');
/*!40000 ALTER TABLE `tbl_module_permissions` ENABLE KEYS */;
UNLOCK TABLES;

--
-- Table structure for table `tbl_notifications`
--

DROP TABLE IF EXISTS `tbl_notifications`;
/*!40101 SET @saved_cs_client     = @@character_set_client */;
/*!40101 SET character_set_client = utf8 */;
CREATE TABLE `tbl_notifications` (
  `id` bigint(20) unsigned NOT NULL AUTO_INCREMENT,
  `user_code` varchar(200) NOT NULL,
  `type` varchar(100) NOT NULL DEFAULT 'info',
  `title` varchar(255) NOT NULL,
  `body` text DEFAULT NULL,
  `link` varchar(500) DEFAULT NULL,
  `icon` varchar(100) DEFAULT 'bi-bell',
  `color` varchar(30) DEFAULT '#6366f1',
  `is_read` tinyint(1) DEFAULT 0,
  `ws_sent` tinyint(1) DEFAULT 0,
  `created_at` timestamp NOT NULL DEFAULT current_timestamp(),
  PRIMARY KEY (`id`),
  KEY `idx_user_unread` (`user_code`,`is_read`),
  KEY `idx_ws_pending` (`ws_sent`),
  KEY `idx_created` (`created_at`)
) ENGINE=InnoDB DEFAULT CHARSET=utf8mb4 COLLATE=utf8mb4_general_ci;
/*!40101 SET character_set_client = @saved_cs_client */;

--
-- Dumping data for table `tbl_notifications`
--

LOCK TABLES `tbl_notifications` WRITE;
/*!40000 ALTER TABLE `tbl_notifications` DISABLE KEYS */;
/*!40000 ALTER TABLE `tbl_notifications` ENABLE KEYS */;
UNLOCK TABLES;

--
-- Table structure for table `tbl_order_items`
--

DROP TABLE IF EXISTS `tbl_order_items`;
/*!40101 SET @saved_cs_client     = @@character_set_client */;
/*!40101 SET character_set_client = utf8 */;
CREATE TABLE `tbl_order_items` (
  `id` bigint(20) unsigned NOT NULL AUTO_INCREMENT,
  `order_id` varchar(200) NOT NULL,
  `qty` int(11) NOT NULL DEFAULT 1,
  `price` double NOT NULL,
  `item_type` enum('course','product') NOT NULL DEFAULT 'course',
  `product_id` bigint(20) unsigned DEFAULT NULL,
  `course_id` bigint(20) unsigned NOT NULL,
  `commission_rate` int(11) DEFAULT NULL,
  `created_at` timestamp NULL DEFAULT NULL,
  `updated_at` timestamp NULL DEFAULT NULL,
  PRIMARY KEY (`id`),
  UNIQUE KEY `order_id` (`order_id`)
) ENGINE=InnoDB AUTO_INCREMENT=15 DEFAULT CHARSET=utf8mb4 COLLATE=utf8mb4_general_ci;
/*!40101 SET character_set_client = @saved_cs_client */;

--
-- Dumping data for table `tbl_order_items`
--

LOCK TABLES `tbl_order_items` WRITE;
/*!40000 ALTER TABLE `tbl_order_items` DISABLE KEYS */;
INSERT INTO `tbl_order_items` VALUES (11,'11',1,98000,'course',NULL,12,10,'2026-04-23 12:30:17',NULL),(12,'12',1,0,'course',NULL,14,10,'2026-05-16 13:22:24',NULL),(13,'13',1,0,'course',NULL,13,NULL,'2026-05-20 05:26:11',NULL),(14,'14',1,0,'course',NULL,14,NULL,'2026-05-20 05:41:13',NULL);
/*!40000 ALTER TABLE `tbl_order_items` ENABLE KEYS */;
UNLOCK TABLES;

--
-- Table structure for table `tbl_order_txn_responce`
--

DROP TABLE IF EXISTS `tbl_order_txn_responce`;
/*!40101 SET @saved_cs_client     = @@character_set_client */;
/*!40101 SET character_set_client = utf8 */;
CREATE TABLE `tbl_order_txn_responce` (
  `id` int(11) NOT NULL AUTO_INCREMENT,
  `result` varchar(200) DEFAULT NULL,
  `resultcode` varchar(200) DEFAULT NULL,
  `order_id` varchar(200) DEFAULT NULL,
  `transid` varchar(200) DEFAULT NULL,
  `reference` varchar(200) DEFAULT NULL,
  `channel` varchar(200) DEFAULT NULL,
  `amount` double(16,2) DEFAULT NULL,
  `phone` varchar(200) DEFAULT NULL,
  `payment_status` varchar(200) DEFAULT NULL,
  `created_at` datetime DEFAULT current_timestamp(),
  PRIMARY KEY (`id`)
) ENGINE=InnoDB AUTO_INCREMENT=69 DEFAULT CHARSET=latin1 COLLATE=latin1_swedish_ci;
/*!40101 SET character_set_client = @saved_cs_client */;

--
-- Dumping data for table `tbl_order_txn_responce`
--

LOCK TABLES `tbl_order_txn_responce` WRITE;
/*!40000 ALTER TABLE `tbl_order_txn_responce` DISABLE KEYS */;
INSERT INTO `tbl_order_txn_responce` VALUES (25,'SUCCESS','000','20240702133735','BG28DPWJG2Q','0823194939','MPESA-TZ',1000.00,'255767555958','COMPLETED','2024-07-02 11:38:32'),(26,'SUCCESS','000','20240703120929','7199979274696663804262','0823642368','SELCOMONLINE',2000.00,'255767555958','COMPLETED','2024-07-03 10:12:12'),(27,'SUCCESS','000','20240703122604','7199988929036293904025','0823649667','SELCOMONLINE',1000.00,'255767555958','COMPLETED','2024-07-03 10:28:17'),(28,'SUCCESS','000','20240703135919','BG33DQD43QN','0823689519','MPESA-TZ',1000.00,'255767920027','COMPLETED','2024-07-03 12:03:13'),(29,'SUCCESS','000','20240704212632','BG43DR0ZDDR','0824382405','MPESA-TZ',1000.00,'255767555958','COMPLETED','2024-07-04 19:27:24'),(30,'SUCCESS','000','20240708102750','BG84DSDDCJ6','0825757662','MPESA-TZ',2000.00,'255767555958','COMPLETED','2024-07-08 08:28:24'),(31,'SUCCESS','000','20240709120907','295627132992','9740719926','TIGOPESATZ',2000.00,'255716578678','COMPLETED','2024-07-09 10:09:30'),(32,'SUCCESS','000','20240709121118','BG93DSSYHX5','0826205337','MPESA-TZ',2000.00,'255767555958','COMPLETED','2024-07-09 10:11:59'),(33,'SUCCESS','000','20240709225429','195622546937','9741365592','TIGOPESATZ',2000.00,'255716578678','COMPLETED','2024-07-09 20:55:20'),(34,'SUCCESS','000','20240712092949','BGC0DTYULK8','0827374551','MPESA-TZ',1000.00,'255767555958','COMPLETED','2024-07-12 07:43:54'),(35,'SUCCESS','000','20240713183126','BGD2DULEGO4','0828002367','MPESA-TZ',500.00,'255767555958','COMPLETED','2024-07-13 16:32:12'),(36,'SUCCESS','000','20240713184051','BGD9DULKPW3','0828007350','MPESA-TZ',500.00,'255767555958','COMPLETED','2024-07-13 16:41:45'),(37,'SUCCESS','000','20240716151357','BGG5DVS477F','0829168596','MPESA-TZ',200.00,'255767555958','COMPLETED','2024-07-16 16:03:44'),(38,'SUCCESS','000','20240723125812','BGN6DYQI1WW','0831766065','MPESA-TZ',500.00,'255767555958','COMPLETED','2024-07-23 10:58:56'),(39,'SUCCESS','000','20240723131310','803611599875','0831771642','AIRTELMONEY',500.00,'255684140410','COMPLETED','2024-07-23 11:14:27'),(40,'SUCCESS','000','20240724194612','BGO9DZC85IX','0832349526','MPESA-TZ',2000.00,'255767555958','COMPLETED','2024-07-24 17:46:51'),(41,'SUCCESS','000','20240726000233','BGQ5DZW0U6T','0832867338','MPESA-TZ',50000.00,'255754785515','COMPLETED','2024-07-25 22:03:19'),(42,'SUCCESS','000','20250105133152','CA55G5T5LV3','0891355977','MPESA-TZ',500.00,'255767555958','COMPLETED','2025-01-05 10:32:36'),(43,'SUCCESS','000','20250109125714','CA90G7QIYY0','0892696317','MPESA-TZ',1000.00,'255767555958','COMPLETED','2025-01-09 09:57:57'),(44,'SUCCESS','000','20250109130151','CA98G7QLPMG','0892697940','MPESA-TZ',500.00,'255767555958','COMPLETED','2025-01-09 10:02:24'),(45,'SUCCESS','000','20250109215105','CA96G80YT0Y','0892898655','MPESA-TZ',500.00,'255767555958','COMPLETED','2025-01-09 18:52:11'),(46,'SUCCESS','000','20250205124634','CB58GLCW52U','0901948155','MPESA-TZ',500.00,'255767555958','COMPLETED','2025-02-05 09:47:16'),(47,'SUCCESS','000','20250205125055','CB54GLCYXJ4','0901949580','MPESA-TZ',500.00,'255767555958','COMPLETED','2025-02-05 09:51:35'),(48,'SUCCESS','000','20250206173107','CB69GM1H2F1','0902387994','MPESA-TZ',1000.00,'255767555958','COMPLETED','2025-02-06 14:31:38'),(49,'SUCCESS','000','20250206231212','CB62GM8JXOA','0902521761','MPESA-TZ',35000.00,'255767555958','COMPLETED','2025-02-06 20:13:09'),(50,'SUCCESS','000','20250207155301','CB73GMHV0MZ','0902686623','MPESA-TZ',5000.00,'255767555958','COMPLETED','2025-02-07 12:53:44'),(51,'SUCCESS','000','20250208155842','CB82GN0IC6W','0903033243','MPESA-TZ',5000.00,'255767555958','COMPLETED','2025-02-08 12:59:21'),(52,'SUCCESS','000','20250208175334','CB89GN2P7BZ','0903072714','MPESA-TZ',500.00,'255767555958','COMPLETED','2025-02-08 14:54:09'),(53,'SUCCESS','000','20250208185924','CB87GN42NJP','0903097350','MPESA-TZ',1000.00,'255767555958','COMPLETED','2025-02-08 16:00:03'),(54,'SUCCESS','000','20250208214507','CB86GN87PQ6','0903178941','MPESA-TZ',1000.00,'255767555958','COMPLETED','2025-02-08 18:47:02'),(55,'SUCCESS','000','20250209193538','CB91GNMMIAP','0903436167','MPESA-TZ',500.00,'255767920027','COMPLETED','2025-02-09 16:36:33'),(56,'SUCCESS','000','20250211075321','CBB7GOA83Q5','0903871878','MPESA-TZ',500.00,'255767555958','COMPLETED','2025-02-11 04:54:09'),(57,'SUCCESS','000','20250211075800','CBB7GOAABU1','0903872826','MPESA-TZ',1000.00,'255767555958','COMPLETED','2025-02-11 05:01:07'),(58,'SUCCESS','000','20250212125612','CBC4GOX2PEK','0904286085','MPESA-TZ',500.00,'255767555958','COMPLETED','2025-02-12 09:57:27'),(59,'SUCCESS','000','20250212140948','CBC6GOYACA0','0904307478','MPESA-TZ',500.00,'255767555958','COMPLETED','2025-02-12 11:10:21'),(60,'SUCCESS','000','20250213201102','CBD7GPN46D5','0904770078','MPESA-TZ',500.00,'255767555958','COMPLETED','2025-02-13 17:11:42'),(61,'SUCCESS','000','20250213203906','CBD7GPNW13R','0904783893','MPESA-TZ',500.00,'255767555958','COMPLETED','2025-02-13 17:39:47'),(62,'SUCCESS','000','20250220202653','CBK5GT4P8K3','0907079871','MPESA-TZ',500.00,'255754785515','COMPLETED','2025-02-20 17:27:33'),(63,'SUCCESS','000','20250316214745','CCG2H5RJZXQ','0915283038','MPESA-TZ',20000.00,'255767307655','COMPLETED','2025-03-16 18:48:41'),(64,'SUCCESS','000','20250316215216','CCG7H5RM9U7','0915284073','MPESA-TZ',5000.00,'255767307655','COMPLETED','2025-03-16 18:52:50'),(65,'SUCCESS','000','20250318221607','CCI9H6QWO6X','0915910728','MPESA-TZ',5000.00,'255767555958','COMPLETED','2025-03-18 19:18:50'),(66,'SUCCESS','000','20250514124454','CEE4I14KMY0','0934632510','MPESA-TZ',500.00,'255767555958','COMPLETED','2025-05-14 10:45:38'),(67,'SUCCESS','000','20250519123825','CEJ0I3WPRUU','0936258957','MPESA-TZ',2000.00,'255767555958','COMPLETED','2025-05-19 10:41:04'),(68,'SUCCESS','000','20250520112124','25503601539005','1193045790','TIGOPESATZ',10000.00,'255718228871','COMPLETED','2025-05-20 09:22:32');
/*!40000 ALTER TABLE `tbl_order_txn_responce` ENABLE KEYS */;
UNLOCK TABLES;

--
-- Table structure for table `tbl_orders`
--

DROP TABLE IF EXISTS `tbl_orders`;
/*!40101 SET @saved_cs_client     = @@character_set_client */;
/*!40101 SET character_set_client = utf8 */;
CREATE TABLE `tbl_orders` (
  `id` bigint(20) unsigned NOT NULL AUTO_INCREMENT,
  `invoice_id` text DEFAULT NULL,
  `instructor_id` varchar(200) DEFAULT NULL,
  `user_id` varchar(200) DEFAULT NULL,
  `has_coupon` tinyint(1) NOT NULL DEFAULT 0,
  `coupon_code` varchar(255) DEFAULT NULL,
  `coupon_discount_percent` int(11) DEFAULT NULL,
  `coupon_discount_amount` double DEFAULT NULL,
  `payment_method` varchar(255) DEFAULT NULL,
  `payment_status` varchar(255) DEFAULT NULL,
  `payable_amount` double DEFAULT NULL,
  `paid_amount` double DEFAULT NULL,
  `payment_details` text DEFAULT NULL,
  `transaction_id` varchar(255) DEFAULT NULL,
  `commission_rate` int(11) DEFAULT NULL,
  `order_details` text DEFAULT NULL,
  `created_at` timestamp NULL DEFAULT NULL,
  `updated_at` timestamp NULL DEFAULT NULL,
  PRIMARY KEY (`id`)
) ENGINE=InnoDB AUTO_INCREMENT=15 DEFAULT CHARSET=utf8mb4 COLLATE=utf8mb4_general_ci;
/*!40101 SET character_set_client = @saved_cs_client */;

--
-- Dumping data for table `tbl_orders`
--

LOCK TABLES `tbl_orders` WRITE;
/*!40000 ALTER TABLE `tbl_orders` DISABLE KEYS */;
INSERT INTO `tbl_orders` VALUES (11,'INV-1776947417','USR1775360573','USR1774352917',0,NULL,NULL,NULL,'ONLINE','PAID',98000,98000,NULL,NULL,10,NULL,'2026-04-23 12:30:17',NULL),(12,'INV-1778937744','USR1775360573','USR1774352917',0,NULL,NULL,NULL,'ONLINE','PAID',0,0,NULL,NULL,10,NULL,'2026-05-16 13:22:24',NULL),(13,'FREE-19B6D806F5-1779254771','USR1775360573','USR1779245764',0,NULL,NULL,NULL,'free','paid',0,0,NULL,NULL,NULL,NULL,'2026-05-20 05:26:11',NULL),(14,'FREE-F87BC08E33-1779255673','USR1775360573','USR1779245764',0,NULL,NULL,NULL,'free','paid',0,0,NULL,NULL,NULL,NULL,'2026-05-20 05:41:13',NULL);
/*!40000 ALTER TABLE `tbl_orders` ENABLE KEYS */;
UNLOCK TABLES;

--
-- Table structure for table `tbl_org_activity`
--

DROP TABLE IF EXISTS `tbl_org_activity`;
/*!40101 SET @saved_cs_client     = @@character_set_client */;
/*!40101 SET character_set_client = utf8 */;
CREATE TABLE `tbl_org_activity` (
  `id` int(11) NOT NULL AUTO_INCREMENT,
  `org_code` varchar(50) NOT NULL,
  `actor_usr_code` varchar(50) DEFAULT NULL,
  `action` varchar(100) NOT NULL,
  `target_type` varchar(50) DEFAULT NULL,
  `target_id` varchar(100) DEFAULT NULL,
  `details` longtext CHARACTER SET utf8mb4 COLLATE utf8mb4_bin DEFAULT NULL CHECK (json_valid(`details`)),
  `ip_address` varchar(45) DEFAULT NULL,
  `created_at` timestamp NOT NULL DEFAULT current_timestamp(),
  PRIMARY KEY (`id`)
) ENGINE=InnoDB DEFAULT CHARSET=utf8mb4 COLLATE=utf8mb4_general_ci;
/*!40101 SET character_set_client = @saved_cs_client */;

--
-- Dumping data for table `tbl_org_activity`
--

LOCK TABLES `tbl_org_activity` WRITE;
/*!40000 ALTER TABLE `tbl_org_activity` DISABLE KEYS */;
/*!40000 ALTER TABLE `tbl_org_activity` ENABLE KEYS */;
UNLOCK TABLES;

--
-- Table structure for table `tbl_org_course_access`
--

DROP TABLE IF EXISTS `tbl_org_course_access`;
/*!40101 SET @saved_cs_client     = @@character_set_client */;
/*!40101 SET character_set_client = utf8 */;
CREATE TABLE `tbl_org_course_access` (
  `id` int(11) NOT NULL AUTO_INCREMENT,
  `org_code` varchar(50) NOT NULL,
  `course_id` int(11) NOT NULL,
  `is_active` tinyint(1) DEFAULT 1,
  `granted_by` varchar(50) DEFAULT NULL,
  `expires_at` date DEFAULT NULL,
  `granted_at` timestamp NOT NULL DEFAULT current_timestamp(),
  PRIMARY KEY (`id`),
  UNIQUE KEY `uniq_org_course` (`org_code`,`course_id`)
) ENGINE=InnoDB DEFAULT CHARSET=utf8mb4 COLLATE=utf8mb4_general_ci;
/*!40101 SET character_set_client = @saved_cs_client */;

--
-- Dumping data for table `tbl_org_course_access`
--

LOCK TABLES `tbl_org_course_access` WRITE;
/*!40000 ALTER TABLE `tbl_org_course_access` DISABLE KEYS */;
/*!40000 ALTER TABLE `tbl_org_course_access` ENABLE KEYS */;
UNLOCK TABLES;

--
-- Table structure for table `tbl_org_departments`
--

DROP TABLE IF EXISTS `tbl_org_departments`;
/*!40101 SET @saved_cs_client     = @@character_set_client */;
/*!40101 SET character_set_client = utf8 */;
CREATE TABLE `tbl_org_departments` (
  `id` int(11) NOT NULL AUTO_INCREMENT,
  `org_code` varchar(50) NOT NULL,
  `dept_name` varchar(255) NOT NULL,
  `dept_code` varchar(50) DEFAULT NULL,
  `description` text DEFAULT NULL,
  `head_usr_code` varchar(50) DEFAULT NULL,
  `status` enum('active','inactive') DEFAULT 'active',
  `created_at` timestamp NOT NULL DEFAULT current_timestamp(),
  PRIMARY KEY (`id`)
) ENGINE=InnoDB DEFAULT CHARSET=utf8mb4 COLLATE=utf8mb4_general_ci;
/*!40101 SET character_set_client = @saved_cs_client */;

--
-- Dumping data for table `tbl_org_departments`
--

LOCK TABLES `tbl_org_departments` WRITE;
/*!40000 ALTER TABLE `tbl_org_departments` DISABLE KEYS */;
/*!40000 ALTER TABLE `tbl_org_departments` ENABLE KEYS */;
UNLOCK TABLES;

--
-- Table structure for table `tbl_org_members`
--

DROP TABLE IF EXISTS `tbl_org_members`;
/*!40101 SET @saved_cs_client     = @@character_set_client */;
/*!40101 SET character_set_client = utf8 */;
CREATE TABLE `tbl_org_members` (
  `id` int(11) NOT NULL AUTO_INCREMENT,
  `org_code` varchar(50) NOT NULL,
  `usr_code` varchar(50) NOT NULL,
  `org_role` enum('admin','coordinator','instructor','student','staff') DEFAULT 'student',
  `dept_id` int(11) DEFAULT NULL,
  `employee_id` varchar(100) DEFAULT NULL,
  `status` enum('active','inactive','suspended') DEFAULT 'active',
  `invited_by` varchar(50) DEFAULT NULL,
  `joined_at` timestamp NOT NULL DEFAULT current_timestamp(),
  PRIMARY KEY (`id`),
  UNIQUE KEY `uniq_org_member` (`org_code`,`usr_code`)
) ENGINE=InnoDB AUTO_INCREMENT=2 DEFAULT CHARSET=utf8mb4 COLLATE=utf8mb4_general_ci;
/*!40101 SET character_set_client = @saved_cs_client */;

--
-- Dumping data for table `tbl_org_members`
--

LOCK TABLES `tbl_org_members` WRITE;
/*!40000 ALTER TABLE `tbl_org_members` DISABLE KEYS */;
INSERT INTO `tbl_org_members` VALUES (1,'ORGB3C94AC3','USR1779385780','admin',NULL,NULL,'active',NULL,'2026-05-21 17:54:55');
/*!40000 ALTER TABLE `tbl_org_members` ENABLE KEYS */;
UNLOCK TABLES;

--
-- Table structure for table `tbl_org_plans`
--

DROP TABLE IF EXISTS `tbl_org_plans`;
/*!40101 SET @saved_cs_client     = @@character_set_client */;
/*!40101 SET character_set_client = utf8 */;
CREATE TABLE `tbl_org_plans` (
  `id` int(11) NOT NULL AUTO_INCREMENT,
  `plan_code` varchar(50) NOT NULL,
  `plan_name` varchar(100) NOT NULL,
  `max_users` int(11) DEFAULT 50,
  `max_storage_gb` int(11) DEFAULT 10,
  `features` longtext CHARACTER SET utf8mb4 COLLATE utf8mb4_bin DEFAULT NULL CHECK (json_valid(`features`)),
  `price_monthly` decimal(10,2) DEFAULT 0.00,
  `price_yearly` decimal(10,2) DEFAULT 0.00,
  `is_active` tinyint(1) DEFAULT 1,
  `created_at` timestamp NOT NULL DEFAULT current_timestamp(),
  PRIMARY KEY (`id`),
  UNIQUE KEY `plan_code` (`plan_code`)
) ENGINE=InnoDB AUTO_INCREMENT=5 DEFAULT CHARSET=utf8mb4 COLLATE=utf8mb4_general_ci;
/*!40101 SET character_set_client = @saved_cs_client */;

--
-- Dumping data for table `tbl_org_plans`
--

LOCK TABLES `tbl_org_plans` WRITE;
/*!40000 ALTER TABLE `tbl_org_plans` DISABLE KEYS */;
INSERT INTO `tbl_org_plans` VALUES (1,'free','Free',10,2,NULL,0.00,0.00,1,'2026-05-21 18:06:59'),(2,'starter','Starter',50,10,NULL,29.00,290.00,1,'2026-05-21 18:06:59'),(3,'growth','Growth',200,50,NULL,99.00,990.00,1,'2026-05-21 18:06:59'),(4,'enterprise','Enterprise',-1,200,NULL,299.00,2990.00,1,'2026-05-21 18:06:59');
/*!40000 ALTER TABLE `tbl_org_plans` ENABLE KEYS */;
UNLOCK TABLES;

--
-- Table structure for table `tbl_organizations`
--

DROP TABLE IF EXISTS `tbl_organizations`;
/*!40101 SET @saved_cs_client     = @@character_set_client */;
/*!40101 SET character_set_client = utf8 */;
CREATE TABLE `tbl_organizations` (
  `id` int(11) NOT NULL AUTO_INCREMENT,
  `org_code` varchar(50) NOT NULL,
  `org_name` varchar(255) NOT NULL,
  `org_type` enum('school','college','company','institution','training_center','ngo','government','other') DEFAULT 'school',
  `email` varchar(255) DEFAULT NULL,
  `phone` varchar(50) DEFAULT NULL,
  `address` text DEFAULT NULL,
  `country` varchar(100) DEFAULT NULL,
  `domain` varchar(255) DEFAULT NULL,
  `plan_id` int(11) DEFAULT NULL,
  `admin_usr_code` varchar(50) DEFAULT NULL,
  `created_by` varchar(50) DEFAULT NULL,
  `notes` text DEFAULT NULL,
  `status` enum('active','suspended','expired','pending') DEFAULT 'active',
  `max_users` int(11) DEFAULT -1,
  `storage_limit_gb` int(11) DEFAULT 10,
  `logo` varchar(255) DEFAULT NULL,
  `license_expires_at` date DEFAULT NULL,
  `created_at` timestamp NOT NULL DEFAULT current_timestamp(),
  `updated_at` timestamp NOT NULL DEFAULT current_timestamp() ON UPDATE current_timestamp(),
  `deleted_at` datetime DEFAULT NULL,
  PRIMARY KEY (`id`),
  UNIQUE KEY `org_code` (`org_code`)
) ENGINE=InnoDB AUTO_INCREMENT=2 DEFAULT CHARSET=utf8mb4 COLLATE=utf8mb4_general_ci;
/*!40101 SET character_set_client = @saved_cs_client */;

--
-- Dumping data for table `tbl_organizations`
--

LOCK TABLES `tbl_organizations` WRITE;
/*!40000 ALTER TABLE `tbl_organizations` DISABLE KEYS */;
INSERT INTO `tbl_organizations` VALUES (1,'ORGB3C94AC3','Amana Bank&#039;s Organization','school',NULL,NULL,NULL,NULL,NULL,NULL,NULL,NULL,NULL,'active',-1,10,NULL,NULL,'2026-05-21 17:54:55','2026-05-21 17:54:55',NULL);
/*!40000 ALTER TABLE `tbl_organizations` ENABLE KEYS */;
UNLOCK TABLES;

--
-- Table structure for table `tbl_payment_order`
--

DROP TABLE IF EXISTS `tbl_payment_order`;
/*!40101 SET @saved_cs_client     = @@character_set_client */;
/*!40101 SET character_set_client = utf8 */;
CREATE TABLE `tbl_payment_order` (
  `id` int(11) NOT NULL AUTO_INCREMENT,
  `vendor` varchar(200) DEFAULT NULL,
  `order_id` varchar(200) DEFAULT NULL,
  `buyer_email` varchar(200) DEFAULT NULL,
  `buyer_name` varchar(200) DEFAULT NULL,
  `buyer_phone` varchar(200) DEFAULT NULL,
  `amount` double(16,2) DEFAULT NULL,
  `currency` varchar(200) DEFAULT NULL,
  `redirect_url` varchar(200) DEFAULT NULL,
  `cancel_url` varchar(200) DEFAULT NULL,
  `webhook` varchar(200) DEFAULT NULL,
  `buyer_remarks` text DEFAULT NULL,
  `merchant_remarks` text DEFAULT NULL,
  `no_of_items` int(11) DEFAULT NULL,
  `order_status` varchar(100) DEFAULT 'Pending',
  `created_at` datetime DEFAULT current_timestamp(),
  `address_1` varchar(200) DEFAULT NULL,
  `state_or_region` varchar(200) DEFAULT NULL,
  `postcode_or_pobox` varchar(200) DEFAULT NULL,
  `country` varchar(200) DEFAULT NULL,
  `city` varchar(200) DEFAULT NULL,
  `username` varchar(200) DEFAULT NULL,
  `payment_gateway_url` varchar(300) DEFAULT NULL,
  `pay_type` varchar(200) DEFAULT NULL,
  `order_details` text DEFAULT NULL,
  `is_alerted` varchar(30) NOT NULL DEFAULT 'No',
  PRIMARY KEY (`id`),
  UNIQUE KEY `order_id` (`order_id`)
) ENGINE=InnoDB AUTO_INCREMENT=454 DEFAULT CHARSET=latin1 COLLATE=latin1_swedish_ci;
/*!40101 SET character_set_client = @saved_cs_client */;

--
-- Dumping data for table `tbl_payment_order`
--

LOCK TABLES `tbl_payment_order` WRITE;
/*!40000 ALTER TABLE `tbl_payment_order` DISABLE KEYS */;
INSERT INTO `tbl_payment_order` VALUES (452,'TILL61054532','DCM-20260520081349-8D90C1','muhama@gmail.com','Thuwaiba Muhama','255788989999',123500.00,'TZS',NULL,NULL,'aHR0cHM6Ly93ZWdvZXZlbnRzLmNvLnR6L3BvcnRhbC9jbHMvYXBpL2NhbGxiYWNrLnBocA==','Course Purchase','Course Purchase',1,'Pending','2026-05-20 09:13:49',NULL,NULL,NULL,NULL,NULL,'USR1779245764',NULL,'CARD','{\"courses\":[{\"id\":\"1\",\"title\":\"Modern Agriculture 2026\",\"price\":\"130000\",\"discount\":\"5\",\"instructor_id\":\"USR1775360573\"}],\"usr_code\":\"USR1779245764\"}','No'),(453,'TILL61054532','DCM-20260520081355-F55A09','muhama@gmail.com','Thuwaiba Muhama','255788989999',123500.00,'TZS',NULL,NULL,'aHR0cHM6Ly93ZWdvZXZlbnRzLmNvLnR6L3BvcnRhbC9jbHMvYXBpL2NhbGxiYWNrLnBocA==','Course Purchase','Course Purchase',1,'Pending','2026-05-20 09:13:55',NULL,NULL,NULL,NULL,NULL,'USR1779245764',NULL,'CARD','{\"courses\":[{\"id\":\"1\",\"title\":\"Modern Agriculture 2026\",\"price\":\"130000\",\"discount\":\"5\",\"instructor_id\":\"USR1775360573\"}],\"usr_code\":\"USR1779245764\"}','No');
/*!40000 ALTER TABLE `tbl_payment_order` ENABLE KEYS */;
UNLOCK TABLES;

--
-- Table structure for table `tbl_payment_settings`
--

DROP TABLE IF EXISTS `tbl_payment_settings`;
/*!40101 SET @saved_cs_client     = @@character_set_client */;
/*!40101 SET character_set_client = utf8 */;
CREATE TABLE `tbl_payment_settings` (
  `id` int(11) NOT NULL AUTO_INCREMENT,
  `gateway` varchar(50) NOT NULL DEFAULT 'selcom',
  `api_key` varchar(300) DEFAULT NULL,
  `api_secret` varchar(300) DEFAULT NULL,
  `vendor` varchar(100) DEFAULT NULL COMMENT 'Till number / Vendor ID',
  `base_url` varchar(300) DEFAULT 'https://apigw.selcommobile.com',
  `webhook_url` varchar(500) DEFAULT NULL COMMENT 'Base64-encoded webhook URL sent to Selcom',
  `is_active` tinyint(1) NOT NULL DEFAULT 1,
  `updated_at` datetime DEFAULT NULL,
  `updated_by` varchar(100) DEFAULT NULL,
  PRIMARY KEY (`id`),
  UNIQUE KEY `uq_gateway` (`gateway`)
) ENGINE=InnoDB AUTO_INCREMENT=2 DEFAULT CHARSET=utf8mb4 COLLATE=utf8mb4_general_ci;
/*!40101 SET character_set_client = @saved_cs_client */;

--
-- Dumping data for table `tbl_payment_settings`
--

LOCK TABLES `tbl_payment_settings` WRITE;
/*!40000 ALTER TABLE `tbl_payment_settings` DISABLE KEYS */;
INSERT INTO `tbl_payment_settings` VALUES (1,'selcom','TILL61054532-WuVYcnwOi8izeQCO','KxQhI2uTiLO3O1nTkbxBO9MGDDKVzOgT','TILL61054532','https://apigw.selcommobile.com','https://wegoevents.co.tz/portal/cls/api/callback.php',1,'2026-05-20 09:16:53',NULL);
/*!40000 ALTER TABLE `tbl_payment_settings` ENABLE KEYS */;
UNLOCK TABLES;

--
-- Table structure for table `tbl_payments`
--

DROP TABLE IF EXISTS `tbl_payments`;
/*!40101 SET @saved_cs_client     = @@character_set_client */;
/*!40101 SET character_set_client = utf8 */;
CREATE TABLE `tbl_payments` (
  `id` int(11) NOT NULL AUTO_INCREMENT,
  `student_id` int(11) NOT NULL,
  `course_id` int(11) DEFAULT NULL,
  `subscription_id` int(11) DEFAULT NULL,
  `amount` decimal(12,2) NOT NULL,
  `payment_date` datetime NOT NULL,
  `payment_method` enum('mobile','card','bank','cash') DEFAULT 'mobile',
  `transaction_ref` varchar(150) DEFAULT NULL,
  `status` enum('paid','pending','failed') DEFAULT 'paid',
  `access_start` date DEFAULT NULL,
  `access_end` date DEFAULT NULL,
  `created_at` timestamp NOT NULL DEFAULT current_timestamp(),
  `updated_at` timestamp NOT NULL DEFAULT current_timestamp() ON UPDATE current_timestamp(),
  PRIMARY KEY (`id`),
  KEY `idx_student` (`student_id`),
  KEY `idx_course` (`course_id`),
  KEY `idx_subscription` (`subscription_id`),
  KEY `idx_payment_date` (`payment_date`)
) ENGINE=InnoDB AUTO_INCREMENT=5 DEFAULT CHARSET=utf8mb4 COLLATE=utf8mb4_general_ci;
/*!40101 SET character_set_client = @saved_cs_client */;

--
-- Dumping data for table `tbl_payments`
--

LOCK TABLES `tbl_payments` WRITE;
/*!40000 ALTER TABLE `tbl_payments` DISABLE KEYS */;
INSERT INTO `tbl_payments` VALUES (1,1,2,NULL,30000.00,'2025-01-05 10:00:00','mobile',NULL,'paid',NULL,NULL,'2026-04-05 16:28:14','2026-04-05 16:28:14'),(2,2,3,NULL,45000.00,'2025-01-10 12:00:00','card',NULL,'paid',NULL,NULL,'2026-04-05 16:28:14','2026-04-05 16:28:14'),(3,1,NULL,NULL,100000.00,'2025-02-01 09:00:00','mobile',NULL,'paid',NULL,NULL,'2026-04-05 16:28:14','2026-04-05 16:28:14'),(4,3,1,NULL,25000.00,'2025-02-15 14:00:00','bank',NULL,'paid',NULL,NULL,'2026-04-05 16:28:14','2026-04-05 16:28:14');
/*!40000 ALTER TABLE `tbl_payments` ENABLE KEYS */;
UNLOCK TABLES;

--
-- Table structure for table `tbl_sms_logs`
--

DROP TABLE IF EXISTS `tbl_sms_logs`;
/*!40101 SET @saved_cs_client     = @@character_set_client */;
/*!40101 SET character_set_client = utf8 */;
CREATE TABLE `tbl_sms_logs` (
  `id` int(11) NOT NULL AUTO_INCREMENT,
  `phone_number` varchar(30) DEFAULT NULL,
  `message_body` text DEFAULT NULL,
  `message_id` varchar(100) DEFAULT NULL,
  `status` varchar(50) DEFAULT NULL,
  `status_code` varchar(20) DEFAULT NULL,
  `sms_cost` varchar(50) DEFAULT NULL,
  `api_response` longtext DEFAULT NULL,
  `created_at` datetime DEFAULT NULL,
  PRIMARY KEY (`id`)
) ENGINE=InnoDB AUTO_INCREMENT=16 DEFAULT CHARSET=utf8mb4 COLLATE=utf8mb4_general_ci;
/*!40101 SET character_set_client = @saved_cs_client */;

--
-- Dumping data for table `tbl_sms_logs`
--

LOCK TABLES `tbl_sms_logs` WRITE;
/*!40000 ALTER TABLE `tbl_sms_logs` DISABLE KEYS */;
INSERT INTO `tbl_sms_logs` VALUES (1,'255765131788','Testing if message get Sent',NULL,'FAILED',NULL,NULL,'Table \'e_learning.sms_logs\' doesn\'t exist','2026-05-01 06:23:24'),(2,'255765131788','Testing if message get Sent',NULL,'FAILED',NULL,NULL,'Table \'e_learning.sms_logs\' doesn\'t exist','2026-05-01 06:30:14'),(3,'255765131788','Testing if message get Sent','','FAILED','','','{\"status\":\"success\",\"data\":{\"SMSMessageData\":{\"Message\":\"Sent to 1\\/1 Total Cost: TZS 22.0000\",\"Recipients\":[{\"cost\":\"TZS 22.0000\",\"messageId\":\"ATXid_43a8c72efefa0621e870cbd2d395da76\",\"messageParts\":1,\"number\":\"+255765131788\",\"status\":\"Success\",\"statusCode\":100}]}}}','2026-05-01 06:36:42'),(4,'255765131788','Testing if message get Sent','ATXid_4e52e236452d8a94c04b1d2b5ff5f31c','Success','100','TZS 22.0000','{\"status\":\"success\",\"data\":{\"SMSMessageData\":{\"Message\":\"Sent to 1\\/1 Total Cost: TZS 22.0000\",\"Recipients\":[{\"cost\":\"TZS 22.0000\",\"messageId\":\"ATXid_4e52e236452d8a94c04b1d2b5ff5f31c\",\"messageParts\":1,\"number\":\"+255765131788\",\"status\":\"Success\",\"statusCode\":100}]}}}','2026-05-01 06:41:56'),(5,'255765131788','Testing if message get Sent','ATXid_82252a21d3b452b056617786565c38d9','Success','100','TZS 22.0000','{\"status\":\"success\",\"data\":{\"SMSMessageData\":{\"Message\":\"Sent to 1\\/1 Total Cost: TZS 22.0000\",\"Recipients\":[{\"cost\":\"TZS 22.0000\",\"messageId\":\"ATXid_82252a21d3b452b056617786565c38d9\",\"messageParts\":1,\"number\":\"+255765131788\",\"status\":\"Success\",\"statusCode\":100}]}}}','2026-05-01 06:45:08'),(6,'255765131788','Testing if message get Sent','ATXid_b8f9fa01b1077e5657e21d64346c44b0','Success','100','TZS 22.0000','{\"status\":\"success\",\"data\":{\"SMSMessageData\":{\"Message\":\"Sent to 1\\/1 Total Cost: TZS 22.0000\",\"Recipients\":[{\"cost\":\"TZS 22.0000\",\"messageId\":\"ATXid_b8f9fa01b1077e5657e21d64346c44b0\",\"messageParts\":1,\"number\":\"+255765131788\",\"status\":\"Success\",\"statusCode\":100}]}}}','2026-05-01 06:46:04'),(7,'255765131788','You have been invited to join our course MORDERN FISHING TECH. Your invitation code is REF-39L678. Please visit our website to register.','ATXid_4b1443e91d2cb6d16c82f55846d7953e','Success','100','TZS 22.0000','{\"status\":\"success\",\"data\":{\"SMSMessageData\":{\"Message\":\"Sent to 1\\/1 Total Cost: TZS 22.0000\",\"Recipients\":[{\"cost\":\"TZS 22.0000\",\"messageId\":\"ATXid_4b1443e91d2cb6d16c82f55846d7953e\",\"messageParts\":1,\"number\":\"+255765131788\",\"status\":\"Success\",\"statusCode\":100}]}}}','2026-05-01 08:15:40'),(8,'255255765131788','Congratulations! Your username is: james.samwel@gmail.com and password is: Secure@321!','None','InvalidPhoneNumber','403','0','{\"status\":\"success\",\"data\":{\"SMSMessageData\":{\"Message\":\"Sent to 0\\/1 Total Cost: 0\",\"Recipients\":[{\"cost\":\"0\",\"messageId\":\"None\",\"number\":\"255255765131788\",\"status\":\"InvalidPhoneNumber\",\"statusCode\":403}]}}}','2026-05-01 09:33:17'),(9,'255765131788','Congratulations! Your username is: james.samwel@gmail.com and password is: Secure@321!','ATXid_5a5c886f23e576b560463e813708df69','Success','100','TZS 22.0000','{\"status\":\"success\",\"data\":{\"SMSMessageData\":{\"Message\":\"Sent to 1\\/1 Total Cost: TZS 22.0000\",\"Recipients\":[{\"cost\":\"TZS 22.0000\",\"messageId\":\"ATXid_5a5c886f23e576b560463e813708df69\",\"messageParts\":1,\"number\":\"+255765131788\",\"status\":\"Success\",\"statusCode\":100}]}}}','2026-05-01 09:35:57'),(10,'255764078960','You have been invited to join our course MORDERN FISHING TECHNOLOGIES. Your invitation code is REF-FPQJHO. Please visit our website digitalcoursemedia.com to register.','ATXid_143bcf1b6e96452f9448c6dc032c4ca9','Success','100','TZS 44.0000','{\"status\":\"success\",\"data\":{\"SMSMessageData\":{\"Message\":\"Sent to 1\\/1 Total Cost: TZS 44.0000\",\"Recipients\":[{\"cost\":\"TZS 44.0000\",\"messageId\":\"ATXid_143bcf1b6e96452f9448c6dc032c4ca9\",\"messageParts\":2,\"number\":\"+255764078960\",\"status\":\"Success\",\"statusCode\":100}]}}}','2026-05-01 10:37:47'),(11,'255715087593','You have been invited to join our course MORDERN FISHING TECHNOLOGIES. Your invitation code is REF-MEUNVH. Please visit our website digitalcoursemedia.com to register.','ATXid_696f9b6b226b88ceb4e8f67910a4acb7','Success','100','TZS 44.0000','{\"status\":\"success\",\"data\":{\"SMSMessageData\":{\"Message\":\"Sent to 1\\/1 Total Cost: TZS 44.0000\",\"Recipients\":[{\"cost\":\"TZS 44.0000\",\"messageId\":\"ATXid_696f9b6b226b88ceb4e8f67910a4acb7\",\"messageParts\":2,\"number\":\"+255715087593\",\"status\":\"Success\",\"statusCode\":100}]}}}','2026-05-01 10:40:28'),(12,'255625490405','You have been invited to join our course MORDERN FISHING TECHNOLOGIES. Your invitation code is REF-D2JS6V. Please visit our website digitalcoursemedia.com to register.','ATXid_b6488e82eb14a4f974b29f0bfc72e694','Success','100','TZS 44.0000','{\"status\":\"success\",\"data\":{\"SMSMessageData\":{\"Message\":\"Sent to 1\\/1 Total Cost: TZS 44.0000\",\"Recipients\":[{\"cost\":\"TZS 44.0000\",\"messageId\":\"ATXid_b6488e82eb14a4f974b29f0bfc72e694\",\"messageParts\":2,\"number\":\"+255625490405\",\"status\":\"Success\",\"statusCode\":100}]}}}','2026-05-01 10:41:06'),(13,'255715087593','Congratulations! Your username is: jamal.juma@gmail.com and password is: Test@2026!','ATXid_bef799b9854ebca8a498f86dafdd321c','Success','100','TZS 22.0000','{\"status\":\"success\",\"data\":{\"SMSMessageData\":{\"Message\":\"Sent to 1\\/1 Total Cost: TZS 22.0000\",\"Recipients\":[{\"cost\":\"TZS 22.0000\",\"messageId\":\"ATXid_bef799b9854ebca8a498f86dafdd321c\",\"messageParts\":1,\"number\":\"+255715087593\",\"status\":\"Success\",\"statusCode\":100}]}}}','2026-05-01 10:43:37'),(14,'255765131788','You have been invited to join our course MORDERN FISHING TECHNOLOGIES. Your invitation code is REF-QZBQNN. Please visit our website digitalcoursemedia.com to register.','ATXid_3fe4f4ab438907271d5cb4fecd6a2b76','Success','100','TZS 44.0000','{\"status\":\"success\",\"data\":{\"SMSMessageData\":{\"Message\":\"Sent to 1\\/1 Total Cost: TZS 44.0000\",\"Recipients\":[{\"cost\":\"TZS 44.0000\",\"messageId\":\"ATXid_3fe4f4ab438907271d5cb4fecd6a2b76\",\"messageParts\":2,\"number\":\"+255765131788\",\"status\":\"Success\",\"statusCode\":100}]}}}','2026-05-01 10:45:47'),(15,'255765131788','Congratulations! Your username is: super@gmail.com and password is: Pass@123!','ATXid_ea02abac8468f570b008259e144af60b','Success','100','TZS 22.0000','{\"status\":\"success\",\"data\":{\"SMSMessageData\":{\"Message\":\"Sent to 1\\/1 Total Cost: TZS 22.0000\",\"Recipients\":[{\"cost\":\"TZS 22.0000\",\"messageId\":\"ATXid_ea02abac8468f570b008259e144af60b\",\"messageParts\":1,\"number\":\"+255765131788\",\"status\":\"Success\",\"statusCode\":100}]}}}','2026-05-01 10:50:17');
/*!40000 ALTER TABLE `tbl_sms_logs` ENABLE KEYS */;
UNLOCK TABLES;

--
-- Table structure for table `tbl_students`
--

DROP TABLE IF EXISTS `tbl_students`;
/*!40101 SET @saved_cs_client     = @@character_set_client */;
/*!40101 SET character_set_client = utf8 */;
CREATE TABLE `tbl_students` (
  `id` int(11) NOT NULL AUTO_INCREMENT,
  `first_name` varchar(100) DEFAULT NULL,
  `middle_name` varchar(100) DEFAULT NULL,
  `last_name` varchar(100) DEFAULT NULL,
  `dob` varchar(50) DEFAULT NULL,
  `description` text DEFAULT NULL,
  `skill` varchar(100) DEFAULT NULL,
  `parent_name` varchar(100) DEFAULT NULL,
  `phone` varchar(50) DEFAULT NULL,
  `email` varchar(100) DEFAULT NULL,
  `school` varchar(100) DEFAULT NULL,
  `course` varchar(100) DEFAULT NULL,
  `image` text DEFAULT NULL,
  `created_at` timestamp NOT NULL DEFAULT current_timestamp(),
  `usr_code` varchar(200) NOT NULL,
  `end_year` varchar(110) DEFAULT NULL,
  `start_year` int(11) DEFAULT NULL,
  `sub_academic_level` int(11) DEFAULT NULL,
  `main_academic_level` int(11) DEFAULT NULL,
  PRIMARY KEY (`id`),
  UNIQUE KEY `usr_code` (`usr_code`)
) ENGINE=InnoDB AUTO_INCREMENT=4 DEFAULT CHARSET=utf8mb4 COLLATE=utf8mb4_general_ci;
/*!40101 SET character_set_client = @saved_cs_client */;

--
-- Dumping data for table `tbl_students`
--

LOCK TABLES `tbl_students` WRITE;
/*!40000 ALTER TABLE `tbl_students` DISABLE KEYS */;
INSERT INTO `tbl_students` VALUES (2,'Said','Muhama','Kitunda','19/03/2024','A student of High School at Elboru SS','NA','Muhammed Said','+255625490405','muhammed_said@gmail.com',NULL,NULL,'uploads/1775279778.png','2026-04-03 16:13:59','USR1774352917','Passed',2026,10,2),(3,'Thuwaiba','','Muhama','2026-05-20','Student','','Said Muhama','0788989999','muhama@gmail.com','Madale','DSM','uploads/1779247836_f733c252.png','2026-05-20 03:29:32','USR1779245764','Continuing',2026,12,2);
/*!40000 ALTER TABLE `tbl_students` ENABLE KEYS */;
UNLOCK TABLES;

--
-- Table structure for table `tbl_sub_academic_levels`
--

DROP TABLE IF EXISTS `tbl_sub_academic_levels`;
/*!40101 SET @saved_cs_client     = @@character_set_client */;
/*!40101 SET character_set_client = utf8 */;
CREATE TABLE `tbl_sub_academic_levels` (
  `id` int(11) NOT NULL AUTO_INCREMENT,
  `main_level` int(11) DEFAULT NULL,
  `sub_level_title` varchar(200) DEFAULT NULL,
  PRIMARY KEY (`id`)
) ENGINE=InnoDB AUTO_INCREMENT=20 DEFAULT CHARSET=utf8mb4 COLLATE=utf8mb4_general_ci;
/*!40101 SET character_set_client = @saved_cs_client */;

--
-- Dumping data for table `tbl_sub_academic_levels`
--

LOCK TABLES `tbl_sub_academic_levels` WRITE;
/*!40000 ALTER TABLE `tbl_sub_academic_levels` DISABLE KEYS */;
INSERT INTO `tbl_sub_academic_levels` VALUES (1,6,'N/A'),(2,4,'Form 5'),(3,4,'Form 6'),(4,1,'baby Class'),(5,1,'Pre Unit'),(6,2,'Grade (Class) 1'),(7,2,'Grade (Class) 2'),(8,2,'Grade (Class) 3'),(9,2,'Grade (Class) 4'),(10,2,'Grade (Class) 5'),(11,2,'Grade (Class) 6'),(12,2,'Grade (Class) 7'),(13,3,'Form 1'),(14,3,'Form 2'),(15,3,'Form 3'),(16,3,'Form 4'),(19,5,'N/A');
/*!40000 ALTER TABLE `tbl_sub_academic_levels` ENABLE KEYS */;
UNLOCK TABLES;

--
-- Table structure for table `tbl_tutors`
--

DROP TABLE IF EXISTS `tbl_tutors`;
/*!40101 SET @saved_cs_client     = @@character_set_client */;
/*!40101 SET character_set_client = utf8 */;
CREATE TABLE `tbl_tutors` (
  `id` int(11) NOT NULL AUTO_INCREMENT,
  `first_name` varchar(100) DEFAULT NULL,
  `middle_name` varchar(100) DEFAULT NULL,
  `last_name` varchar(100) DEFAULT NULL,
  `dob` varchar(50) DEFAULT NULL,
  `description` text DEFAULT NULL,
  `skill` varchar(100) DEFAULT NULL,
  `parent_name` varchar(100) DEFAULT NULL,
  `phone` varchar(50) DEFAULT NULL,
  `email` varchar(100) DEFAULT NULL,
  `school` varchar(100) DEFAULT NULL,
  `course` varchar(100) DEFAULT NULL,
  `image` text DEFAULT NULL,
  `created_at` timestamp NOT NULL DEFAULT current_timestamp(),
  `usr_code` varchar(200) NOT NULL,
  `end_year` varchar(110) DEFAULT NULL,
  `start_year` int(11) DEFAULT NULL,
  `sub_academic_level` varchar(110) DEFAULT NULL,
  `main_academic_level` varchar(200) DEFAULT NULL,
  `country` varchar(200) DEFAULT NULL,
  `city` varchar(200) DEFAULT NULL,
  `town` varchar(200) DEFAULT NULL,
  `street` varchar(200) DEFAULT NULL,
  PRIMARY KEY (`id`),
  UNIQUE KEY `usr_code` (`usr_code`)
) ENGINE=InnoDB AUTO_INCREMENT=3 DEFAULT CHARSET=utf8mb4 COLLATE=utf8mb4_general_ci;
/*!40101 SET character_set_client = @saved_cs_client */;

--
-- Dumping data for table `tbl_tutors`
--

LOCK TABLES `tbl_tutors` WRITE;
/*!40000 ALTER TABLE `tbl_tutors` DISABLE KEYS */;
INSERT INTO `tbl_tutors` VALUES (2,'Hamza','Ramadhani','Pazia','01/05/2023','I\'m a lecturer at University of Dar es salaam based in Tanzania','NA','Hamza Ramadhani Pazia','+255625490405','muhammed_said@gmail.com',NULL,'Bachelor of science in Information Technology','uploads/1775367637.png','2026-04-03 16:13:59','USR1775360573','Passed',2020,'University of dar es salaam','Bachelor','Tanzania','Dar es salaam','Kinondoni','Muhama Street');
/*!40000 ALTER TABLE `tbl_tutors` ENABLE KEYS */;
UNLOCK TABLES;

--
-- Table structure for table `tbl_user_roles`
--

DROP TABLE IF EXISTS `tbl_user_roles`;
/*!40101 SET @saved_cs_client     = @@character_set_client */;
/*!40101 SET character_set_client = utf8 */;
CREATE TABLE `tbl_user_roles` (
  `id` int(11) NOT NULL AUTO_INCREMENT,
  `role_title` varchar(200) DEFAULT NULL,
  PRIMARY KEY (`id`)
) ENGINE=InnoDB AUTO_INCREMENT=6 DEFAULT CHARSET=latin1 COLLATE=latin1_swedish_ci;
/*!40101 SET character_set_client = @saved_cs_client */;

--
-- Dumping data for table `tbl_user_roles`
--

LOCK TABLES `tbl_user_roles` WRITE;
/*!40000 ALTER TABLE `tbl_user_roles` DISABLE KEYS */;
INSERT INTO `tbl_user_roles` VALUES (1,'Student'),(2,'Parent / Guardian'),(3,'Instructor / Teacher'),(4,'School / Institutional'),(5,'Super Admin');
/*!40000 ALTER TABLE `tbl_user_roles` ENABLE KEYS */;
UNLOCK TABLES;
/*!40103 SET TIME_ZONE=@OLD_TIME_ZONE */;

/*!40101 SET SQL_MODE=@OLD_SQL_MODE */;
/*!40014 SET FOREIGN_KEY_CHECKS=@OLD_FOREIGN_KEY_CHECKS */;
/*!40014 SET UNIQUE_CHECKS=@OLD_UNIQUE_CHECKS */;
/*!40101 SET CHARACTER_SET_CLIENT=@OLD_CHARACTER_SET_CLIENT */;
/*!40101 SET CHARACTER_SET_RESULTS=@OLD_CHARACTER_SET_RESULTS */;
/*!40101 SET COLLATION_CONNECTION=@OLD_COLLATION_CONNECTION */;
/*!40111 SET SQL_NOTES=@OLD_SQL_NOTES */;

-- Dump completed on 2026-05-21 22:19:41
